venue_id,stadium_id,stadium_name,city_name,country_name,tournament_id,tournament_year,award_year,opened_year,stadium_capacity,design_purpose,newly_built,current_status,status_detail,not_in_use_reason,wikipedia_link,iso3c,gdp_per_capita,cpi_score,city_pop_thousands,city_pop_pct_rank,city_pop_z,city_pop_year_used,city_pop_year_gap,venue_age,years_since_event,years_since_construction,coords,venue_lon,venue_lat,city_lon,city_lat,distance_mi
S-001,S-001,Estadio José Amalfitani,Buenos Aires,Argentina,WC-1978,1978,1966,1943,49000,Single-purpose,Existing,in use,NA,NA,https://en.wikipedia.org/wiki/José_Amalfitani_Stadium,ARG,1275.07843418966,NA,8560.9,0.9984115778326862,11.326084573758711,1975,9,35,48,83,Point(-58.520711 -34.635375),-58.520711,-34.635375,-58.51281868345,-34.6507889984493,1.1569366484750598
S-002,S-002,Estadio Monumental,Buenos Aires,Argentina,WC-1978,1978,1966,1938,75000,Single-purpose,Existing,in use,NA,NA,https://en.wikipedia.org/wiki/Estadio_Monumental_Antonio_Vespucio_Liberti,ARG,1275.07843418966,NA,8560.9,0.9984115778326862,11.326084573758711,1975,9,40,48,88,Point(-58.449722222 -34.545277777),-58.449722222,-34.545277777,-58.51281868345,-34.6507889984493,8.13462531775389
S-003,S-003,Estadio Chateau Carreras,Córdoba,Argentina,WC-1978,1978,1966,1978,47000,Multi-purpose,New,in use,NA,NA,https://en.wikipedia.org/wiki/Estadio_Mario_Alberto_Kempes,ARG,1275.07843418966,NA,843.131,0.957995058242146,0.8293721880780158,1975,9,0,48,48,Point(-64.246244 -31.368956),-64.246244,-31.368956,-64.2016138572961,-31.4016001921993,3.470462028672715
S-004,S-004,Estadio José María Minella,Mar del Plata,Argentina,WC-1978,1978,1966,1978,44000,Multi-purpose,New,in use,NA,NA,https://en.wikipedia.org/wiki/Estadio_José_Mar%C3%ADa_Minella,ARG,1275.07843418966,NA,333.807,0.8886339569361101,0.13665547951567933,1975,9,0,48,48,Point(-57.582333 -38.017944),-57.582333,-38.017944,-57.572000247211,-38.0062521656552,0.985471660128378
S-005,S-005,Estadio Ciudad de Mendoza,Mendoza,Argentina,WC-1978,1978,1966,1978,35000,Multi-purpose,New,in use,NA,NA,https://en.wikipedia.org/wiki/Estadio_Malvinas_Argentinas,ARG,1275.07843418966,NA,467.728,0.9232262619131664,0.31879752333724803,1975,9,0,48,48,Point(-68.879994 -32.889564),-68.879994,-32.889564,-68.8291802240567,-32.9029480119876,3.0930486531492574
S-006,S-006,Estadio Gigante de Arroyito,Rosario,Argentina,WC-1978,1978,1966,1926,46000,Single-purpose,Existing,in use,NA,NA,https://en.wikipedia.org/wiki/Estadio_Gigante_de_Arroyito,ARG,1275.07843418966,NA,704.516,0.9474055771267208,0.6408459718436184,1975,9,52,48,100,Point(-60.674567 -32.913997),-60.674567,-32.913997,-60.6742626551186,-32.9497163315922,2.4708013719934807
S-007,S-007,Estádio Independência,Belo Horizonte,Brazil,WC-1950,1950,1946,1950,30000,Single-purpose,New,in use,NA,NA,https://en.wikipedia.org/wiki/Estádio_Independência,BRA,NA,NA,1292.068,0.9759971761383692,1.43995830024208,1975,29,0,76,76,NA,NA,NA,-43.9916716948718,-19.9006209955912,NA
S-008,S-008,Estádio Mineirão,Belo Horizonte,Brazil,WC-2014,2014,2007,1965,43000,Single-purpose,Existing,in use,NA,NA,https://en.wikipedia.org/wiki/Mineirão,BRA,7409.69130673473,NA,3715.23,0.991029023746702,3.0701639880335723,2007,0,49,12,61,Point(-43.970833 -19.865833),-43.970833,-19.865833,-43.9916716948718,-19.9006209955912,2.761838588527675
S-009,S-009,Estádio Nacional,Brasília,Brazil,WC-2014,2014,2007,2013,70000,Multi-purpose,New,in use,NA,NA,https://en.wikipedia.org/wiki/Estádio_Nacional_Mané_Garrincha,BRA,7409.69130673473,NA,1049.471,0.9584168865435356,0.6705572144776816,2007,0,1,12,13,Point(-47.899164 -15.7835),-47.899164,-15.7835,-48.0784602604988,-15.8343809865553,12.44117220978767
S-010,S-010,Arena Pantanal,Cuiabá,Brazil,WC-2014,2014,2007,2014,41000,Multi-purpose,New,in use,NA,NA,https://en.wikipedia.org/wiki/Arena_Pantanal,BRA,7409.69130673473,NA,662.01,0.929604221635884,0.3217807346500832,2007,0,0,12,12,Point(-56.1216 -15.604),-56.1216,-15.604,-56.0911002803774,-15.6141298239977,2.149309623546323
S-011,S-011,Arena da Baixada,Curitiba,Brazil,WC-2014,2014,2007,1999,40000,Single-purpose,Existing,in use,NA,NA,https://en.wikipedia.org/wiki/Arena_da_Baixada,BRA,7409.69130673473,NA,2267.047,0.9808970976253298,1.7665691258766816,2007,0,15,12,27,Point(-49.276944 -25.448333),-49.276944,-25.448333,-49.2553428080241,-25.4581368087922,1.5099869799469292
S-012,S-012,Estádio Vila Capanema,Curitiba,Brazil,WC-1950,1950,1946,1947,10000,Single-purpose,New,in use,NA,NA,https://en.wikipedia.org/wiki/Estádio_Vila_Capanema,BRA,NA,NA,703.372,0.947229085774797,0.639290050829499,1975,29,3,76,79,Point(-49.255833 -25.439444),-49.255833,-25.439444,-49.2553428080241,-25.4581368087922,1.2933607853221736
S-013,S-013,Estádio Castelão,Fortaleza,Brazil,WC-2014,2014,2007,1973,63000,Single-purpose,Existing,in use,NA,NA,https://en.wikipedia.org/wiki/Castelão_(Ceará),BRA,7409.69130673473,NA,2834.858,0.9860686015831136,2.2776892690327375,2007,0,41,12,53,Point(-38.522481 -3.807267),-38.522481,-3.807267,-38.5599910685237,-3.77702211074443,3.3285536629347545
S-014,S-014,Arena da Amazônia,Manaus,Brazil,WC-2014,2014,2007,2014,41000,Single-purpose,New,in use,NA,NA,https://en.wikipedia.org/wiki/Arena_da_Amazônia,BRA,7409.69130673473,NA,1619.93,0.9720316622691292,1.1840609784848255,2007,0,0,12,12,Point(-60.028056 -3.083056),-60.028056,-3.083056,-60.0013115668828,-3.0582326111379,2.5220480228033204
S-015,S-015,Arena das Dunas,Natal,Brazil,WC-2014,2014,2007,2014,40000,Single-purpose,New,in use,NA,NA,https://en.wikipedia.org/wiki/Arena_das_Dunas,BRA,7409.69130673473,NA,874.833,0.9477572559366756,0.5133552589669795,2007,0,0,12,12,Point(-35.21236 -5.82681),-35.21236,-5.82681,-35.2362741620568,-5.79950641457768,2.5050048482061498
S-016,S-016,Estádio Beira-Rio,Porto Alegre,Brazil,WC-2014,2014,2007,1969,43000,Single-purpose,Existing,in use,NA,NA,https://en.wikipedia.org/wiki/Estádio_Beira-Rio,BRA,7409.69130673473,NA,1706.867,0.9741424802110816,1.262318095528275,2007,0,45,12,57,Point(-51.236086 -30.065614),-51.236086,-30.065614,-51.1532096534832,-30.0532283902741,5.035050742566972
S-017,S-017,Estádio dos Eucaliptos,Porto Alegre,Brazil,WC-1950,1950,1946,1931,20000,Single-purpose,Existing,not in use,demolished 2012,abandoned before demolition,https://en.wikipedia.org/wiki/Estádio_dos_Eucaliptos,BRA,NA,NA,797.254,0.9546417225555948,0.7669762192277079,1975,29,19,76,95,Point(-51.227222 -30.061667),-51.227222,-30.061667,-51.1532096534832,-30.0532283902741,4.4693292518120336
S-018,S-018,Arena Pernambuco,Recife,Brazil,WC-2014,2014,2007,2013,43000,Multi-purpose,New,in use,NA,NA,https://en.wikipedia.org/wiki/Arena_Pernambuco,BRA,7409.69130673473,NA,3176.707,0.9883905013192612,2.5854076996685555,2007,0,1,12,13,Point(-35.008333333 -8.040555555),-35.008333333,-8.040555555,-34.9207751899257,-8.04622135042311,6.009686345168424
S-019,S-019,Estádio Ilha do Retiro,Recife,Brazil,WC-1950,1950,1946,1937,30000,Single-purpose,Existing,in use,NA,NA,https://en.wikipedia.org/wiki/Estádio_Ilha_do_Retiro,BRA,NA,NA,1793.038,0.9846452523826332,2.121312977203059,1975,29,13,76,89,Point(-34.902888888 -8.062888888),-34.902888888,-8.062888888,-34.9207751899257,-8.04622135042311,1.6822125783268327
S-020,S-020,Estádio do Maracanã,Rio de Janeiro,Brazil,WC-1950,1950,1946,1950,200000,Single-purpose,New,in use,NA,NA,https://en.wikipedia.org/wiki/Maracanã_Stadium,BRA,NA,NA,5880.669,0.9964701729615248,7.68078060907859,1975,29,0,76,76,Point(-43.230277777 -22.912222222),-43.230277777,-22.912222222,-43.3666524274637,-22.8458452131082,9.829268980200304
S-020,S-020,Estádio do Maracanã,Rio de Janeiro,Brazil,WC-2014,2014,2007,1950,200000,Single-purpose,Existing,in use,NA,NA,https://en.wikipedia.org/wiki/Maracanã_Stadium,BRA,7409.69130673473,NA,8819.242,0.9967282321899736,7.664585977234602,2007,0,64,12,76,Point(-43.230277777 -22.912222222),-43.230277777,-22.912222222,-43.3666524274637,-22.8458452131082,9.829268980200304
S-021,S-021,Arena Fonte Nova,Salvador,Brazil,WC-2014,2014,2007,2013,52000,Single-purpose,New,in use,NA,NA,https://en.wikipedia.org/wiki/Arena_Fonte_Nova,BRA,7409.69130673473,NA,2776.686,0.9855408970976254,2.2253252236590586,2007,0,1,12,13,Point(-38.504252777 -12.978819444),-38.504252777,-12.978819444,-38.4513681656682,-12.9366878889254,4.604531050408771
S-022,S-022,Arena Corinthians,São Paulo,Brazil,WC-2014,2014,2007,2014,63000,Single-purpose,New,in use,NA,NA,https://en.wikipedia.org/wiki/Arena_Corinthians,BRA,7409.69130673473,NA,17722.396,0.9986279683377308,15.6788395704556,2007,0,0,12,12,Point(-46.474 -23.545555555),-46.474,-23.545555555,-46.5998582137567,-23.5767447751221,8.2664461149112185
S-023,S-023,Estádio do Pacaembu,São Paulo,Brazil,WC-1950,1950,1946,1940,60000,Single-purpose,Existing,in use,NA,NA,https://en.wikipedia.org/wiki/Pacaembu_Stadium,BRA,NA,NA,10536.121,0.9989410518884576,14.012525012071473,1975,29,10,76,86,Point(-46.665111 -23.548639),-46.665111,-23.548639,-46.5998582137567,-23.5767447751221,4.571267957203491
S-024,S-024,Commonwealth Stadium,Edmonton,Canada,WC-2015,2015,2011,1978,56000,Multi-purpose,Existing,in use,NA,NA,https://en.wikipedia.org/wiki/Commonwealth_Stadium_(Edmonton),CAN,52224.1237767406,NA,681.347,0.9317375886524822,0.3242530353276333,2011,0,37,11,48,Point(-113.476111111 53.559722222),-113.476111111,53.559722222,-113.526776631936,53.5580409008345,2.08495354103813
S-025,S-025,Moncton Stadium,Moncton,Canada,WC-2015,2015,2011,2010,13000,Multi-purpose,Existing,in use,NA,NA,https://en.wikipedia.org/wiki/Moncton_Stadium,CAN,52224.1237767406,NA,NA,NA,NA,NA,NA,5,11,16,Point(-64.7833 46.1083),-64.7833,46.1083,NA,NA,NA
S-026,S-026,Olympic Stadium,Montreal,Canada,WC-2015,2015,2011,1976,56000,Multi-purpose,Existing,in use,NA,NA,https://en.wikipedia.org/wiki/Olympic_Stadium_(Montreal),CAN,52224.1237767406,NA,2429.778,0.9815799842395588,1.841113863722651,2011,0,39,11,50,Point(-73.55164 45.55781),-73.55164,45.55781,-73.6660077343496,45.5363747662468,5.735168304665074
S-027,S-027,TD Place Stadium,Ottawa,Canada,WC-2015,2015,2011,1908,24000,Multi-purpose,Existing,in use,NA,NA,https://en.wikipedia.org/wiki/TD_Place_Stadium,CAN,52224.1237767406,NA,525.176,0.9086879432624112,0.1887660344501161,2011,0,107,11,118,Point(-75.68365 45.398177777),-75.68365,45.398177777,-75.7077321725072,45.3955477032064,1.1837641867607283
S-028,S-028,BC Place,Vancouver,Canada,WC-2015,2015,2011,1983,54000,Multi-purpose,Existing,in use,NA,NA,https://en.wikipedia.org/wiki/BC_Place,CAN,52224.1237767406,NA,1447.119,0.9692671394799054,0.9886027009888516,2011,0,32,11,43,Point(-123.111944444 49.276666666),-123.111944444,49.276666666,-123.041037806083,49.2459167118132,3.84311440950632
S-029,S-029,Investors Group Field,Winnipeg,Canada,WC-2015,2015,2011,2013,33000,Multi-purpose,New,in use,NA,NA,https://en.wikipedia.org/wiki/Investors_Group_Field,CAN,52224.1237767406,NA,558.191,0.9144011032308904,0.21740837735610524,2011,0,2,11,13,Point(-97.143056 49.807778),-97.143056,49.807778,-97.1474722573086,49.891838473895,5.817873587407796
S-030,S-030,Estadio Carlos Dittborn,Arica,Chile,WC-1962,1962,1956,1962,18000,Multi-purpose,New,in use,NA,NA,https://en.wikipedia.org/wiki/Estadio_Carlos_Dittborn,CHL,NA,NA,76.752,0.3743381574302859,-0.21295752422946412,1975,19,0,64,64,Point(-70.299166666 -18.4875),-70.299166666,-18.4875,-70.2966028045551,-18.4729862846676,1.0179193907855382
S-031,S-031,Estadio El Teniente,Rancagua,Chile,WC-1962,1962,1956,1947,18000,Multi-purpose,Existing,in use,NA,NA,https://en.wikipedia.org/wiki/Estadio_El_Teniente,CHL,NA,NA,88.323,0.468937522061419,-0.19722014481130443,1975,19,15,64,79,Point(-70.7375 -34.177777777),-70.7375,-34.177777777,-70.7343493500825,-34.1681513995251,0.6898454357895143
S-032,S-032,Estadio Nacional,Santiago,Chile,WC-1962,1962,1956,1938,67000,Single-purpose,Existing,in use,NA,NA,https://en.wikipedia.org/wiki/Estadio_Nacional_Julio_Mart%C3%ADnez_Prádanos,CHL,NA,NA,2834.965,0.9917049064595836,3.5384074828659173,1975,19,24,64,88,Point(-70.610555555 -33.464444444),-70.610555555,-33.464444444,-70.6533926759612,-33.491535748246,3.1016005127333433
S-033,S-033,Estadio Sausalito,Viña del Mar,Chile,WC-1962,1962,1956,1929,18000,Multi-purpose,Existing,in use,NA,NA,https://en.wikipedia.org/wiki/Estadio_Sausalito,CHL,NA,NA,556.334,0.935051182492058,0.4393079581074029,1975,19,33,64,97,Point(-71.535 -33.014444444),-71.535,-33.014444444,-71.5182763880219,-33.0396588716129,1.9956303369502284
S-034,S-034,Chengdu Sports Center,Chengdu,China,WC-2007,2007,2003,1991,40000,Multi-purpose,Existing,in use,NA,NA,https://en.wikipedia.org/wiki/Chengdu_Sports_Centre,CHN,1306.97245408557,NA,6004.029,0.995240253853128,5.332482025106226,2003,0,16,19,35,Point(104.06472222 30.66555556),104.06472222,30.66555556,104.046029731707,30.6722990667209,1.2059870198584892
S-035,S-035,New Plaza Stadium,Foshan,China,WC-1991,1991,1988,1991,14000,Multi-purpose,New,not in use,demolished 2007,urban redevelopment,https://en.wikipedia.org/wiki/New_Plaza_Stadium,CHN,284.023573149686,NA,3580,0.9928772814957708,3.7244334793328626,1988,0,0,35,35,Point(113.113 23.0312),113.113,23.0312,113.285893378223,23.142319499894,13.420470664809104
S-037,S-037,Guangdong Provincial Stadium,Guangzhou,China,WC-1991,1991,1988,1932,25000,Multi-purpose,Existing,in use,NA,NA,https://en.wikipedia.org/wiki/Guangdong_Provincial_People's_Stadium,CHN,284.023573149686,NA,3580,0.9928772814957708,3.7244334793328626,1988,0,59,35,94,Point(113.278672 23.12711),113.278672,23.12711,113.285893378223,23.142319499894,1.1479603058414616
S-039,S-039,Tianhe Stadium,Guangzhou,China,WC-1991,1991,1988,1987,60000,Multi-purpose,Existing,in use,NA,NA,https://en.wikipedia.org/wiki/Tianhe_Stadium,CHN,284.023573149686,NA,3580,0.9928772814957708,3.7244334793328626,1988,0,4,35,39,Point(113.31934 23.14052),113.31934,23.14052,113.285893378223,23.142319499894,2.1310188310994334
S-040,S-040,Ying Tung Stadium,Guangzhou,China,WC-1991,1991,1988,1988,15000,Multi-purpose,Existing,in use,NA,NA,https://en.wikipedia.org/wiki/Henry_Fok_Stadium,CHN,284.023573149686,NA,3580,0.9928772814957708,3.7244334793328626,1988,0,3,35,38,Point(113.352264 22.945908),113.352264,22.945908,113.285893378223,23.142319499894,14.22762543063371
S-041,S-041,Yellow Dragon Sports Center,Hangzhou,China,WC-2007,2007,2003,2000,51000,Multi-purpose,Existing,in use,NA,NA,https://en.wikipedia.org/wiki/Yellow_Dragon_Sports_Center,CHN,1306.97245408557,NA,5459.276,0.9946736174070716,4.8230812443565325,2003,0,7,19,26,Point(120.129 30.2683),120.129,30.2683,120.251210061553,30.2812755535444,7.355450773832659
S-042,S-042,Jiangmen Stadium,Jiangmen,China,WC-1991,1991,1988,NA,13000,Multi-purpose,Existing,in use,NA,NA,https://en.wikipedia.org/wiki/Jiangmen_Stadium,CHN,284.023573149686,NA,3580,0.9928772814957708,3.7244334793328626,1988,0,NA,35,NA,Point(113.08382 22.588694),113.08382,22.588694,113.285893378223,23.142319499894,40.402501725331255
S-043,S-043,Hongkou Football Stadium,Shanghai,China,WC-2007,2007,2003,1999,33000,Single-purpose,Existing,in use,NA,NA,https://en.wikipedia.org/wiki/Hongkou_Football_Stadium,CHN,1306.97245408557,NA,15880.487,0.9984134179510428,14.567998701914902,2003,0,8,19,27,Point(121.4762 31.2733),121.4762,31.2733,121.436920949501,31.2147761687116,4.667270513014489
S-044,S-044,Tianjin Olympic Center,Tianjin,China,WC-2007,2007,2003,2007,60000,Multi-purpose,New,in use,NA,NA,https://en.wikipedia.org/wiki/Tianjin_Olympic_Center,CHN,1306.97245408557,NA,4720.436,0.993993653671804,4.132188908106702,2003,0,0,19,19,Point(117.169389 39.073444),117.169389,39.073444,117.194186505366,39.1326804781437,4.3082198729030425
S-045,S-045,Wuhan Sports Center,Wuhan,China,WC-2007,2007,2003,2002,60000,Multi-purpose,Existing,in use,NA,NA,https://en.wikipedia.org/wiki/Wuhan_Sports_Center,CHN,1306.97245408557,NA,5973.493,0.9950135992747052,5.303927685357803,2003,0,5,19,24,Point(114.166253 30.502313),114.166253,30.502313,114.29680212821,30.566050128464,8.940557818057027
S-046,S-046,Zhongshan Stadium,Zhongshan,China,WC-1991,1991,1988,1991,12000,Multi-purpose,New,in use,NA,NA,https://en.wikipedia.org/wiki/Zhongshan_Sports_Center_Stadium,CHN,284.023573149686,NA,210.114,0.7790473364000594,-0.06725879216998318,1988,0,0,35,35,Point(113.389 22.5072),113.389,22.5072,111.299427559779,24.5309740415559,192.7622933071011
S-047,S-047,Villa Park,Birmingham,England,WC-1966,1966,1960,1897,52000,Single-purpose,Existing,in use,NA,NA,https://en.wikipedia.org/wiki/Villa_Park,GBR,1397.5948032844,NA,2250.104,0.9892340275326508,2.742955105034759,1975,15,69,60,129,Point(-1.884722222 52.509166666),-1.884722222,52.509166666,-1.96039982513583,52.5046010416867,3.2017897420630064
S-048,S-048,Goodison Park,Liverpool,England,WC-1966,1966,1960,1892,50000,Single-purpose,Existing,in use,NA,NA,https://en.wikipedia.org/wiki/Goodison_Park,GBR,1397.5948032844,NA,1410.598,0.9779385810095306,1.601167494126314,1975,15,74,60,134,Point(-2.966388888 53.438888888),-2.966388888,53.438888888,-2.92664752038951,53.4212433405949,2.0426098803908688
S-049,S-049,Wembley Stadium,London,England,WC-1966,1966,1960,1923,99000,Single-purpose,Existing,in use,rebuilt 2007,NA,https://en.wikipedia.org/wiki/Wembley_Stadium_(1923),GBR,1397.5948032844,NA,7369.842,0.9968231556653724,9.706161347154746,1975,15,43,60,103,Point(-0.279722222 51.555555555),-0.279722222,51.555555555,-0.1269853785119,51.508926472857,7.320966625103127
S-050,S-050,White City Stadium,London,England,WC-1966,1966,1960,1908,77000,Multi-purpose,Existing,not in use,demolished 1985,urban redevelopment,https://en.wikipedia.org/wiki/White_City_Stadium,GBR,1397.5948032844,NA,7369.842,0.9968231556653724,9.706161347154746,1975,15,58,60,118,Point(-0.2274 51.513619444),-0.2274,51.513619444,-0.1269853785119,51.508926472857,4.334944550247499
S-051,S-051,Old Trafford,Manchester,England,WC-1966,1966,1960,1910,58000,Single-purpose,Existing,in use,NA,NA,https://en.wikipedia.org/wiki/Old_Trafford,GBR,1397.5948032844,NA,2174.141,0.9887045534768796,2.639640045598093,1975,15,56,60,116,Point(-2.291388888 53.463055555),-2.291388888,53.463055555,-2.25536904358391,53.4938305721117,2.5942473259075456
S-052,S-052,Ayresome Park,Middlesbrough,England,WC-1966,1966,1960,1903,40000,Single-purpose,Existing,not in use,demolished 1997,replaced by successor stadium,https://en.wikipedia.org/wiki/Ayresome_Park,GBR,1397.5948032844,NA,291.619,0.8720437698552771,0.07927681190757947,1975,15,63,60,123,Point(-1.246944 54.564167),-1.246944,54.564167,-1.25924166157047,54.5581999439387,0.6431447275735288
S-053,S-053,Hillsborough Stadium,Sheffield,England,WC-1966,1966,1960,1899,43000,Single-purpose,Existing,in use,NA,NA,https://en.wikipedia.org/wiki/Hillsborough_Stadium,GBR,1397.5948032844,NA,438.851,0.9181080127073772,0.2795227583680838,1975,15,67,60,127,Point(-1.500555555 53.411388888),-1.500555555,53.411388888,-1.45925608252335,53.3706344632346,3.2938054576448432
S-054,S-054,Roker Park,Sunderland,England,WC-1966,1966,1960,1898,40000,Single-purpose,Existing,not in use,demolished 1998,replaced by successor stadium,https://en.wikipedia.org/wiki/Roker_Park,GBR,1397.5948032844,NA,89.588,0.47758559830568303,-0.19549965522838397,1975,15,68,60,128,Point(-1.375480555 54.9213),-1.375480555,54.9213,-1.40546098910939,54.9015943817062,1.8108015114627378
S-055,S-055,Stade du Fort Carré,Antibes,France,WC-1938,1938,1936,1935,7000,Multi-purpose,Existing,in use,NA,NA,https://en.wikipedia.org/wiki/Stade_du_Fort_Carré,FRA,NA,NA,350.787,0.8946346629015178,0.15974948198049238,1975,39,3,88,91,Point(7.12603 43.59221),7.12603,43.59221,7.23689310656928,43.6992907272345,9.254947821621927
S-056,S-056,Stade du Parc Lescure,Bordeaux,France,WC-1938,1938,1936,1938,35000,Multi-purpose,New,in use,NA,NA,https://en.wikipedia.org/wiki/Stade_Chaban-Delmas,FRA,NA,NA,432.66,0.9165195905400636,0.2711025599428979,1975,39,0,88,88,Point(-0.598056 44.829167),-0.598056,44.829167,-0.590814108045867,44.8356958502408,0.5745839729420662
S-056,S-056,Stade du Parc Lescure,Bordeaux,France,WC-1998,1998,1992,1938,35000,Multi-purpose,Existing,in use,NA,NA,https://en.wikipedia.org/wiki/Stade_Chaban-Delmas,FRA,23615.0168565483,NA,486.841,0.9127059784829088,0.2275054211395878,1992,0,60,28,88,Point(-0.598056 44.829167),-0.598056,44.829167,-0.590814108045867,44.8356958502408,0.5745839729420662
S-057,S-057,Stade des Alpes,Grenoble,France,WC-2019,2019,2015,2008,18000,Multi-purpose,Existing,in use,NA,NA,https://en.wikipedia.org/wiki/Stade_des_Alpes,FRA,36702.4323733379,70,351.822,0.8637239607231348,0.03567755852211184,2015,0,11,7,18,Point(5.740194 45.187474),5.740194,45.187474,5.72387810164488,45.1803677865258,0.9350820738174918
S-058,S-058,Stade Jules Deschaseaux,Le Havre,France,WC-1938,1938,1936,1932,22000,Multi-purpose,Existing,in use,NA,NA,https://en.wikipedia.org/wiki/Stade_Jules_Deschaseaux,FRA,NA,NA,241.698,0.8379809389339923,0.01138071667519219,1975,39,6,88,94,Point(0.1712 49.50185),0.1712,49.50185,0.135765864728999,49.4976375722144,1.6182608092820743
S-059,S-059,Stade Océane,Le Havre,France,WC-2019,2019,2015,2012,24000,Multi-purpose,Existing,in use,NA,NA,https://en.wikipedia.org/wiki/Stade_Océane,FRA,36702.4323733379,70,179.414,0.7200146829402588,-0.10938426455419652,2015,0,7,7,14,Point(0.1697 49.4988),0.1697,49.4988,0.135765864728999,49.4976375722144,1.5265943482740765
S-060,S-060,Stade Félix-Bollaert,Lens,France,WC-1998,1998,1992,1933,41000,Single-purpose,Existing,in use,NA,NA,https://en.wikipedia.org/wiki/Stade_Bollaert-Delelis,FRA,23615.0168565483,NA,198.074,0.7592264741931091,-0.0843075099904536,1992,0,65,28,93,Point(2.81491 50.4329),2.81491,50.4329,2.85769608609301,50.4238318401949,1.9869647668164216
S-061,S-061,Stade Victor Boucquey,Lille,France,WC-1938,1938,1936,1902,15000,Single-purpose,Existing,not in use,demolished 1975,replaced by successor stadium,https://en.wikipedia.org/wiki/Stade_Henri-Jooris,FRA,NA,NA,809.558,0.9553476879632898,0.7837105305543898,1975,39,36,88,124,Point(3.036111 50.6375),3.036111,50.6375,3.10839581952198,50.65965832155,3.5214351920198883
S-062,S-062,Parc Olympique Lyonnais,Lyon,France,WC-2019,2019,2015,2016,58000,Single-purpose,New,in use,NA,NA,https://en.wikipedia.org/wiki/Parc_Olympique_Lyonnais,FRA,36702.4323733379,70,1147.653,0.9616408185739196,0.7052792923200885,2015,0,3,7,10,Point(4.982131 45.765224),4.982131,45.765224,4.85885943098658,45.7528788427831,6.00993218811672
S-063,S-063,Stade de Gerland,Lyon,France,WC-1998,1998,1992,1926,44000,Multi-purpose,Existing,in use,NA,NA,https://en.wikipedia.org/wiki/Stade_de_Gerland,FRA,23615.0168565483,NA,968.012,0.9565572654228516,0.7470777402923064,1992,0,72,28,100,Point(4.83225 45.72377),4.83225,45.72377,4.85885943098658,45.7528788427831,2.3883824093903625
S-064,S-064,Stade Vélodrome,Marseille,France,WC-1938,1938,1936,1937,60000,Multi-purpose,New,in use,NA,NA,https://en.wikipedia.org/wiki/Stade_Vélodrome,FRA,NA,NA,700.86,0.946523120367102,0.6358735529383559,1975,39,1,88,89,Point(5.394907 43.269241),5.394907,43.269241,5.40232730901477,43.3053787667524,2.527449648354813
S-064,S-064,Stade Vélodrome,Marseille,France,WC-1998,1998,1992,1937,60000,Multi-purpose,Existing,in use,NA,NA,https://en.wikipedia.org/wiki/Stade_Vélodrome,FRA,23615.0168565483,NA,802.057,0.9481138499250988,0.5678781953800208,1992,0,61,28,89,Point(5.394907 43.269241),5.394907,43.269241,5.40232730901477,43.3053787667524,2.527449648354813
S-065,S-065,Stade de la Mosson,Montpellier,France,WC-1998,1998,1992,1972,34000,Single-purpose,Existing,in use,NA,NA,https://en.wikipedia.org/wiki/Stade_de_la_Mosson,FRA,23615.0168565483,NA,207.625,0.771755413318807,-0.07399426330636912,1992,0,26,28,54,Point(3.81279 43.62061),3.81279,43.62061,3.8663733962312,43.6147012911113,2.7142394545023247
S-065,S-065,Stade de la Mosson,Montpellier,France,WC-2019,2019,2015,1972,34000,Single-purpose,Existing,in use,NA,NA,https://en.wikipedia.org/wiki/Stade_de_la_Mosson,FRA,36702.4323733379,70,305.122,0.8422501605946591,-0.00361520711326238,2015,0,47,7,54,Point(3.81279 43.62061),3.81279,43.62061,3.8663733962312,43.6147012911113,2.7142394545023247
S-066,S-066,Stade de la Beaujoire,Nantes,France,WC-1998,1998,1992,1984,40000,Single-purpose,Existing,in use,NA,NA,https://en.wikipedia.org/wiki/Stade_de_la_Beaujoire,FRA,23615.0168565483,NA,373.017,0.87920468473376,0.10459734967385302,1992,0,14,28,42,Point(-1.52466 47.2561),-1.52466,47.256100000000004,-1.5568753263603,47.2218863475185,2.8088604062610036
S-067,S-067,Allianz Riviera,Nice,France,WC-2019,2019,2015,2013,35000,Multi-purpose,Existing,in use,NA,NA,https://en.wikipedia.org/wiki/Allianz_Riviera,FRA,36702.4323733379,70,427.898,0.8882261172799852,0.09968690409977202,2015,0,6,7,13,Point(7.19262 43.70513),7.19262,43.70513,7.23689310656928,43.6992907272345,2.2504830671296063
S-068,S-068,Parc des Princes,Paris,France,WC-1938,1938,1936,1897,49000,Multi-purpose,Existing,in use,rebuilt 1972,NA,https://en.wikipedia.org/wiki/Parc_des_Princes,FRA,NA,NA,7423.859,0.9969996470172962,9.779628292451674,1975,39,41,88,129,Point(2.25305 48.84145),2.25305,48.84145,2.35557109932262,48.8491114639848,4.696855239081943
S-068,S-068,Parc des Princes,Paris,France,WC-1998,1998,1992,1972,49000,Single-purpose,Existing,in use,NA,NA,https://en.wikipedia.org/wiki/Parc_des_Princes,FRA,23615.0168565483,NA,8124.42,0.997003949339507,8.474624706678622,1992,0,26,28,54,Point(2.25305 48.84145),2.25305,48.84145,2.35557109932262,48.8491114639848,4.696855239081943
S-068,S-068,Parc des Princes,Paris,France,WC-2019,2019,2015,1972,49000,Single-purpose,Existing,in use,NA,NA,https://en.wikipedia.org/wiki/Parc_des_Princes,FRA,36702.4323733379,70,9271.626,0.9967881068183904,7.540683299110412,2015,0,47,7,54,Point(2.25305 48.84145),2.25305,48.84145,2.35557109932262,48.8491114639848,4.696855239081943
S-069,S-069,Stade Olympique de Colombes,Paris,France,WC-1938,1938,1936,1907,60000,Multi-purpose,Existing,in use,NA,NA,https://en.wikipedia.org/wiki/Stade_Olympique_Yves-du-Manoir,FRA,NA,NA,7423.859,0.9969996470172962,9.779628292451674,1975,39,31,88,119,Point(2.24961 48.93145),2.24961,48.93145,2.35557109932262,48.8491114639848,7.4606843274299335
S-070,S-070,Stade Auguste-Delaune,Reims,France,WC-2019,2019,2015,1935,21000,Multi-purpose,Existing,in use,NA,NA,https://en.wikipedia.org/wiki/Stade_Auguste-Delaune,FRA,36702.4323733379,70,185.841,0.7295585941084702,-0.103976671304977,2015,0,84,7,91,Point(4.02478 49.24716),4.02478,49.24716,4.03016864414582,49.2520896771436,0.41889612180403374
S-070,S-071,Vélodrome Municipal,Reims,France,WC-1938,1938,1936,1935,22000,Multi-purpose,Existing,in use,NA,NA,https://en.wikipedia.org/wiki/Stade_Auguste_Delaune,FRA,NA,NA,183.568,0.774620543593364,-0.06768019989015447,1975,39,3,88,91,Point(4.02478 49.24716),4.02478,49.24716,4.03016864414582,49.2520896771436,0.41889612180403374
S-072,S-072,Roazhon Park,Rennes,France,WC-2019,2019,2015,1912,29000,Single-purpose,Existing,in use,NA,NA,https://en.wikipedia.org/wiki/Roazhon_Park,FRA,36702.4323733379,70,233.81,0.7904927961824355,-0.06361618576400772,2015,0,107,7,114,Point(-1.71282 48.10743),-1.71282,48.10743,-1.66911523642712,48.1079737486346,2.0189709022669438
S-073,S-073,Stade de France,Saint-Denis,France,WC-1998,1998,1992,1998,80000,Multi-purpose,New,in use,NA,NA,https://en.wikipedia.org/wiki/Stade_de_France,FRA,23615.0168565483,NA,8124.42,0.997003949339507,8.474624706678622,1992,0,0,28,28,Point(2.36 48.924444444),2.36,48.924444444,2.35557109932262,48.8491114639848,5.2147419643894946
S-074,S-074,Stade Geoffroy-Guichard,Saint-Étienne,France,WC-1998,1998,1992,1931,36000,Multi-purpose,Existing,in use,NA,NA,https://en.wikipedia.org/wiki/Stade_Geoffroy-Guichard,FRA,23615.0168565483,NA,224.408,0.7936810567887784,-0.05587184480579432,1992,0,67,28,95,Point(4.390171 45.460749),4.390171,45.460749,4.3923581306438,45.4379347817726,1.5816448638823033
S-075,S-075,Stade de la Meinau,Strasbourg,France,WC-1938,1938,1936,1914,30000,Single-purpose,Existing,in use,NA,NA,https://en.wikipedia.org/wiki/Stade_de_la_Meinau,FRA,NA,NA,325.62,0.8856336039534063,0.12552057974068373,1975,39,24,88,112,Point(7.75738 48.55942),7.75738,48.55942,7.74276454882101,48.578067351074,1.4530148586270428
S-076,S-076,Stade de Toulouse,Toulouse,France,WC-1998,1998,1992,1937,37000,Multi-purpose,Existing,in use,NA,NA,https://en.wikipedia.org/wiki/Stadium_Municipal,FRA,23615.0168565483,NA,369.505,0.8782513958872395,0.1008050638027919,1992,0,61,28,89,Point(1.434055 43.583296),1.434055,43.583296,1.43024790567507,43.6040511088086,1.448262725626943
S-077,S-077,Stade du T.O.E.C.,Toulouse,France,WC-1938,1938,1936,1908,15000,Multi-purpose,Existing,not in use,demolished 1965,urban redevelopment,https://en.wikipedia.org/wiki/Stade_Chapou,FRA,NA,NA,257.937,0.8519237557359689,0.03346690666495074,1975,39,30,88,118,Point(1.419166666 43.608611111),1.419166666,43.608611111,1.43024790567507,43.6040511088086,0.6383849088850809
S-078,S-078,Stade du Hainaut,Valenciennes,France,WC-2019,2019,2015,2011,23000,Multi-purpose,Existing,in use,NA,NA,https://en.wikipedia.org/wiki/Stade_du_Hainaut,FRA,36702.4323733379,70,101.46,0.4900431311370102,-0.17497373462571603,2015,0,8,7,15,Point(3.53178 50.34851),3.53178,50.34851,3.51689821962067,50.3608489529918,1.0769491647279876
S-079,S-079,Impuls Arena,Augsburg,Germany,WC-2011,2011,2007,2009,25000,Single-purpose,New,in use,NA,NA,https://en.wikipedia.org/wiki/Impuls_Arena,DEU,42350.9217211489,NA,289.395,0.8312401055408971,-0.01363198567779646,2007,0,2,15,17,Point(10.8859261 48.3233205),10.8859261,48.3233205,10.8924028610026,48.3615151219045,2.6586847026545755
S-080,S-080,Olympiastadion,Berlin,Germany,WC-1974,1974,1966,1936,86000,Multi-purpose,Existing,in use,NA,NA,https://en.wikipedia.org/wiki/Olympiastadion_(Berlin),DEU,1870.80540291774,NA,3025.918,0.9929403459230498,3.7981170854962745,1975,9,38,52,90,Point(13.239444444 52.514722222),13.239444444,52.514722222,13.3999531382876,52.5018146389819,6.81624633264691
S-080,S-080,Olympiastadion,Berlin,Germany,WC-2006,2006,2000,1936,86000,Multi-purpose,Existing,in use,NA,NA,https://en.wikipedia.org/wiki/Olympiastadion_(Berlin),DEU,23925.8559901991,NA,3328.134,0.9907065278244318,3.0231519992287152,2000,0,70,20,90,Point(13.239444444 52.514722222),13.239444444,52.514722222,13.3999531382876,52.5018146389819,6.81624633264691
S-080,S-080,Olympiastadion,Berlin,Germany,WC-2011,2011,2007,1936,86000,Multi-purpose,Existing,in use,NA,NA,https://en.wikipedia.org/wiki/Olympiastadion_(Berlin),DEU,42350.9217211489,NA,3300.99,0.988707124010554,2.6972821521745196,2007,0,75,15,90,Point(13.239444444 52.514722222),13.239444444,52.514722222,13.3999531382876,52.5018146389819,6.81624633264691
S-081,S-081,Ruhrstadion,Bochum,Germany,WC-2011,2011,2007,1911,21000,Single-purpose,Existing,in use,NA,NA,https://en.wikipedia.org/wiki/Ruhrstadion,DEU,42350.9217211489,NA,2624.551,0.9842744063324538,2.0883795445879474,2007,0,100,15,115,Point(7.236489 51.489944),7.236489,51.489944,6.97216877251344,51.4886212700177,11.384639152799013
S-082,S-082,RheinEnergieStadion,Cologne,Germany,WC-2006,2006,2000,2004,45000,Single-purpose,New,in use,NA,NA,https://en.wikipedia.org/wiki/RheinEnergieStadion,DEU,23925.8559901991,NA,949.868,0.9564438472735416,0.6617489675539576,2000,0,2,20,22,Point(6.875 50.933611),6.875,50.933611,6.97174042360981,50.9664308711368,4.788101068304887
S-083,S-083,Westfalenstadion,Dortmund,Germany,WC-1974,1974,1966,1974,65000,Single-purpose,New,in use,NA,NA,https://en.wikipedia.org/wiki/Westfalenstadion,DEU,1870.80540291774,NA,752.653,0.950935404165196,0.706315700739302,1975,9,0,52,52,Point(7.451667 51.4925),7.451667,51.4925,7.43708001553127,51.5091810345978,1.3137215461294325
S-083,S-083,Westfalenstadion,Dortmund,Germany,WC-2006,2006,2000,1974,65000,Single-purpose,Existing,in use,NA,NA,https://en.wikipedia.org/wiki/Westfalenstadion,DEU,23925.8559901991,NA,714.411,0.940432202440936,0.4279614628639676,2000,0,32,20,52,Point(7.451667 51.4925),7.451667,51.4925,7.43708001553127,51.5091810345978,1.3137215461294325
S-084,S-084,Rudolf-Harbig-Stadion,Dresden,Germany,WC-2011,2011,2007,2009,26000,Single-purpose,New,in use,NA,NA,https://en.wikipedia.org/wiki/Rudolf-Harbig-Stadion,DEU,42350.9217211489,NA,488.02,0.9006860158311346,0.16516208212710967,2007,0,2,15,17,Point(13.747778 51.040278),13.747778,51.040278,13.7498897576508,51.0410986710973,0.10797244159471425
S-085,S-085,Rheinstadion,Düsseldorf,Germany,WC-1974,1974,1966,1925,70000,Multi-purpose,Existing,in use,rebuilt 2004,NA,https://en.wikipedia.org/wiki/Rheinstadion,DEU,1870.80540291774,NA,745.976,0.9504059301094246,0.6972345078972787,1975,9,49,52,101,Point(6.734167 51.260278),6.734167,51.260278,6.78599084249741,51.2193990097306,3.6100083728532706
S-086,S-086,Waldstadion,Frankfurt,Germany,WC-1974,1974,1966,1974,62000,Multi-purpose,New,in use,rebuilt 2005,NA,https://en.wikipedia.org/wiki/Waldstadion_(Frankfurt),DEU,1870.80540291774,NA,678.148,0.9445817154959408,0.6049836245531477,1975,9,0,52,52,Point(8.645278 50.068611),8.645278,50.068611,8.6735447932538,50.1176131033912,3.614177684763018
S-086,S-086,Waldstadion,Frankfurt,Germany,WC-2006,2006,2000,2005,62000,Single-purpose,New,in use,NA,NA,https://en.wikipedia.org/wiki/Waldstadion_(Frankfurt),DEU,23925.8559901991,NA,706.882,0.9398723547195162,0.4204858468372157,2000,0,1,20,21,Point(8.645278 50.068611),8.645278,50.068611,8.6735447932538,50.1176131033912,3.614177684763018
S-086,S-086,Waldstadion,Frankfurt,Germany,WC-2011,2011,2007,2005,62000,Single-purpose,Existing,in use,NA,NA,https://en.wikipedia.org/wiki/Waldstadion_(Frankfurt),DEU,42350.9217211489,NA,730.71,0.9382585751978892,0.3836216532564875,2007,0,6,15,21,Point(8.645278 50.068611),8.645278,50.068611,8.6735447932538,50.1176131033912,3.614177684763018
S-087,S-087,Arena AufShalke,Gelsenkirchen,Germany,WC-2006,2006,2000,2001,52000,Single-purpose,New,in use,NA,NA,https://en.wikipedia.org/wiki/Arena_AufSchalke,DEU,23925.8559901991,NA,2709.378,0.9867875937744932,2.4087832556706164,2000,0,5,20,25,Point(7.067588888 51.554502777),7.067588888,51.554502777,6.97216877251344,51.4886212700177,6.13458178151735
S-088,S-088,Parkstadion,Gelsenkirchen,Germany,WC-1974,1974,1966,1973,72000,Multi-purpose,New,in use,rebuilt 2020,NA,https://en.wikipedia.org/wiki/Parkstadion,DEU,1870.80540291774,NA,2851.143,0.9918813978115072,3.560410708535867,1975,9,1,52,53,Point(7.067835 51.559368),7.067835,51.559368,6.97216877251344,51.4886212700177,6.395221439526118
S-089,S-089,Volksparkstadion,Hamburg,Germany,WC-1974,1974,1966,1953,61000,Single-purpose,Existing,in use,NA,NA,https://en.wikipedia.org/wiki/Volksparkstadion,DEU,1870.80540291774,NA,1623.382,0.9823508648076243,1.8905688027525096,1975,9,21,52,73,Point(9.898611 53.586944),9.898611,53.586944,9.99393549574449,53.5746498512905,4.005897324124649
S-089,S-089,Volksparkstadion,Hamburg,Germany,WC-2006,2006,2000,1953,61000,Single-purpose,Existing,in use,NA,NA,https://en.wikipedia.org/wiki/Volksparkstadion,DEU,23925.8559901991,NA,1565.144,0.9735751875489866,1.2726623858665929,2000,0,53,20,73,Point(9.898611 53.586944),9.898611,53.586944,9.99393549574449,53.5746498512905,4.005897324124649
S-090,S-090,Niedersachsenstadion,Hanover,Germany,WC-1974,1974,1966,1954,60000,Multi-purpose,Existing,in use,NA,NA,https://en.wikipedia.org/wiki/Niedersachsenstadion,DEU,1870.80540291774,NA,620.256,0.9417578538651606,0.526246404842137,1975,9,20,52,72,Point(9.731111 52.36),9.731111,52.36,9.75256346503945,52.378297770762,1.5565342654793914
S-090,S-090,Niedersachsenstadion,Hanover,Germany,WC-2006,2006,2000,1954,60000,Single-purpose,Existing,in use,NA,NA,https://en.wikipedia.org/wiki/Niedersachsenstadion,DEU,23925.8559901991,NA,579.89,0.925428283506886,0.2943942768452801,2000,0,52,20,72,Point(9.731111 52.36),9.731111,52.36,9.75256346503945,52.378297770762,1.5565342654793914
S-091,S-091,Fritz-Walter-Stadion,Kaiserslautern,Germany,WC-2006,2006,2000,1920,46000,Single-purpose,Existing,in use,NA,NA,https://en.wikipedia.org/wiki/Fritz-Walter-Stadion,DEU,23925.8559901991,NA,66.199,0.23256074347777408,-0.2156544244959651,2000,0,86,20,106,Point(7.775833 49.434444),7.775833,49.434444,7.76199954650996,49.4417622355343,0.8021289722871265
S-092,S-092,Zentralstadion,Leipzig,Germany,WC-2006,2006,2000,2004,43000,Single-purpose,New,in use,NA,NA,https://en.wikipedia.org/wiki/Red_Bull_Arena_(Leipzig),DEU,23925.8559901991,NA,447.209,0.8994513492330086,0.16265404440465378,2000,0,2,20,22,Point(12.348056 51.345833),12.348056,51.345833,12.3725937574042,51.3396157463662,1.1441349907507592
S-093,S-093,BayArena,Leverkusen,Germany,WC-2011,2011,2007,1958,30000,Single-purpose,Existing,in use,NA,NA,https://en.wikipedia.org/wiki/BayArena,DEU,42350.9217211489,NA,975.854,0.9547229551451188,0.6042902144042076,2007,0,53,15,68,Point(7.002205555 51.038255555),7.002205555,51.038255555,6.97174042360981,50.9664308711368,5.1421134601915455
S-094,S-094,Borussia-Park,Mönchengladbach,Germany,WC-2011,2011,2007,2004,46000,Single-purpose,Existing,in use,NA,NA,https://en.wikipedia.org/wiki/Borussia-Park,DEU,42350.9217211489,NA,210.511,0.7622163588390501,-0.08464012284442811,2007,0,7,15,22,Point(6.385463888 51.174583333),6.385463888,51.174583333,6.44305607964969,51.1817906418755,2.54665911770456
S-095,S-095,Allianz Arena,Munich,Germany,WC-2006,2006,2000,2005,66000,Single-purpose,New,in use,NA,NA,https://en.wikipedia.org/wiki/Allianz_Arena,DEU,23925.8559901991,NA,1271.276,0.9674168626133692,0.9808780412591362,2000,0,1,20,21,Point(11.624752777 48.218775),11.624752777,48.218775,11.5576103090309,48.1396053528052,6.291227832337487
S-096,S-096,Olympiastadion,Munich,Germany,WC-1974,1974,1966,1972,78000,Multi-purpose,New,in use,NA,NA,https://en.wikipedia.org/wiki/Olympiastadion_(Munich),DEU,1870.80540291774,NA,1376.229,0.9774091069537592,1.5544232202327242,1975,9,2,52,54,Point(11.546666666 48.173055555),11.546666666,48.173055555,11.5576103090309,48.1396053528052,2.3682456948700916
S-097,S-097,Frankenstadion,Nuremberg,Germany,WC-2006,2006,2000,1928,41000,Multi-purpose,Existing,in use,NA,NA,https://en.wikipedia.org/wiki/Nuremberg,DEU,23925.8559901991,NA,567.746,0.923412831709775,0.2823363832300754,2000,0,78,20,98,Point(11.0775 49.453888888),11.0775,49.453888888,11.0539087116879,49.4458106527262,1.1990367792629606
S-098,S-098,Rhein-Neckar-Arena,Sinsheim,Germany,WC-2011,2011,2007,2009,30000,Multi-purpose,New,in use,NA,NA,https://en.wikipedia.org/wiki/Rhein-Neckar-Arena,DEU,42350.9217211489,NA,NA,NA,NA,NA,NA,2,15,17,Point(8.888278 49.239),8.888278,49.239,NA,NA,NA
S-099,S-099,Neckarstadion,Stuttgart,Germany,WC-1974,1974,1966,1929,72000,Multi-purpose,Existing,in use,NA,NA,https://en.wikipedia.org/wiki/Mercedes-Benz_Arena_(Stuttgart),DEU,1870.80540291774,NA,773.913,0.9534062830921284,0.7352308062988973,1975,9,45,52,97,Point(9.231944 48.792222),9.231944,48.792222,9.20135599405822,48.7930825252067,1.395129522991504
S-099,S-099,Neckarstadion,Stuttgart,Germany,WC-2006,2006,2000,1929,72000,Multi-purpose,Existing,in use,NA,NA,https://en.wikipedia.org/wiki/Mercedes-Benz_Arena_(Stuttgart),DEU,23925.8559901991,NA,787.622,0.9462546187437018,0.5006533641701885,2000,0,77,20,97,Point(9.231944 48.792222),9.231944,48.792222,9.20135599405822,48.7930825252067,1.395129522991504
S-100,S-100,Volkswagen Arena,Wolfsburg,Germany,WC-2011,2011,2007,2002,26000,Single-purpose,Existing,in use,NA,NA,https://en.wikipedia.org/wiki/Volkswagen_Arena,DEU,42350.9217211489,NA,71.928,0.28641077918624236,-0.19737361724234423,2020,13,9,15,24,Point(10.803889 52.431944),10.803889,52.431944,10.7620575202004,52.4232238750564,1.8646191877358087
S-101,S-101,Stadio San Nicola,Bari,Italy,WC-1990,1990,1984,1990,51000,Multi-purpose,New,in use,NA,NA,https://en.wikipedia.org/wiki/Stadio_San_Nicola,ITA,7757.55374836822,NA,248.704,0.8173560421735604,-0.01903895902326298,1984,0,0,36,36,Point(16.840072 41.084736),16.840072,41.084736,16.8700673396439,41.1081519834582,2.2512728706060257
S-102,S-102,Stadio Renato Dall'Ara,Bologna,Italy,WC-1934,1934,1932,1927,50000,Multi-purpose,Existing,in use,NA,NA,https://en.wikipedia.org/wiki/Stadio_Renato_Dall%27Ara,ITA,NA,NA,447.707,0.9202259089304624,0.2915675455193432,1975,43,7,92,99,Point(11.3098 44.4922),11.3098,44.4922,11.3403927204957,44.4944394319832,1.5174278770362317
S-102,S-102,Stadio Renato Dall'Ara,Bologna,Italy,WC-1990,1990,1984,1927,50000,Multi-purpose,Existing,in use,NA,NA,https://en.wikipedia.org/wiki/Stadio_Renato_Dall%27Ara,ITA,7757.55374836822,NA,444.427,0.9059205190592052,0.2104652501663155,1984,0,63,36,99,Point(11.3098 44.4922),11.3098,44.4922,11.3403927204957,44.4944394319832,1.5174278770362317
S-103,S-103,Stadio Sant'Elia,Cagliari,Italy,WC-1990,1990,1984,1970,35000,Single-purpose,Existing,not in use,demolished 2017,replaced by successor stadium,https://en.wikipedia.org/wiki/Stadio_Sant%27Elia,ITA,7757.55374836822,NA,264.013,0.8290348742903487,-0.00108767103726619,1984,0,20,36,56,Point(9.134805555 39.199416666),9.134805555,39.199416666,9.14199258177793,39.2366147326997,2.6016903012880754
S-104,S-104,Stadio Comunale,Florence,Italy,WC-1990,1990,1984,1931,39000,Single-purpose,Existing,in use,NA,NA,https://en.wikipedia.org/wiki/Stadio_Artemio_Franchi,ITA,7757.55374836822,NA,433.663,0.902676399026764,0.19784341569761932,1984,0,59,36,95,Point(11.282258 43.780822),11.282258,43.780822,11.2323707712498,43.7800015354818,2.492072685185275
S-105,S-105,Stadio Giovanni Berta,Florence,Italy,WC-1934,1934,1932,1931,47000,Single-purpose,Existing,in use,NA,NA,https://en.wikipedia.org/wiki/Stadio_Artemio_Franchi_(Florence),ITA,NA,NA,431.514,0.916166607836216,0.26954391878714545,1975,43,3,92,95,Point(11.282258 43.780822),11.282258,43.780822,11.2323707712498,43.7800015354818,2.492072685185275
S-106,S-106,Stadio Luigi Ferraris,Genoa,Italy,WC-1934,1934,1932,1911,37000,Multi-purpose,Existing,in use,NA,NA,https://en.wikipedia.org/wiki/Stadio_Luigi_Ferraris,ITA,NA,NA,741.481,0.9500529474055772,0.6911209895769409,1975,43,23,92,115,Point(8.952428 44.416431),8.952428,44.416431,8.92140679118141,44.4177940366646,1.535539088810121
S-106,S-106,Stadio Luigi Ferraris,Genoa,Italy,WC-1990,1990,1984,1911,37000,Multi-purpose,Existing,in use,NA,NA,https://en.wikipedia.org/wiki/Stadio_Luigi_Ferraris,ITA,7757.55374836822,NA,698.527,0.940632603406326,0.5084221563810777,1984,0,79,36,115,Point(8.952428 44.416431),8.952428,44.416431,8.92140679118141,44.4177940366646,1.535539088810121
S-107,S-107,San Siro,Milan,Italy,WC-1934,1934,1932,1926,75000,Single-purpose,Existing,in use,NA,NA,https://en.wikipedia.org/wiki/San_Siro,ITA,NA,NA,2544.708,0.9902929756441934,3.1436374078700835,1975,43,8,92,100,Point(9.123888888 45.478055555),9.123888888,45.478055555,9.19240351352659,45.5181467423715,4.327258689102235
S-107,S-107,San Siro,Milan,Italy,WC-1990,1990,1984,1926,75000,Single-purpose,Existing,in use,NA,NA,https://en.wikipedia.org/wiki/San_Siro,ITA,7757.55374836822,NA,2583.583,0.9896188158961882,2.7188332299803486,1984,0,64,36,100,Point(9.123888888 45.478055555),9.123888888,45.478055555,9.19240351352659,45.5181467423715,4.327258689102235
S-108,S-108,Stadio Giorgio Ascarelli,Naples,Italy,WC-1934,1934,1932,1934,40000,Multi-purpose,New,not in use,"destroyed 1942, war",war,https://en.wikipedia.org/wiki/Stadio_Giorgio_Ascarelli,ITA,NA,NA,2594.394,0.9908224496999648,3.211213886460584,1975,43,0,92,92,Point(14.293333 40.859722),14.293333,40.859722,14.3092110700935,40.8614542525246,0.8392462317494804
S-109,S-109,Stadio San Paolo,Naples,Italy,WC-1990,1990,1984,1959,60000,Multi-purpose,Existing,in use,NA,NA,https://en.wikipedia.org/wiki/Stadio_San_Paolo,ITA,7757.55374836822,NA,2759.365,0.9905920519059204,2.924954681724713,1984,0,31,36,67,Point(14.193008 40.827967),14.193008,40.827967,14.3092110700935,40.8614542525246,6.5067854895815715
S-110,S-110,Stadio La Favorita,Palermo,Italy,WC-1990,1990,1984,1932,33000,Multi-purpose,Existing,in use,NA,NA,https://en.wikipedia.org/wiki/Stadio_Renzo_Barbera,ITA,7757.55374836822,NA,712.659,0.9422546634225466,0.5249932976586338,1984,0,58,36,94,Point(13.342275 38.152767),13.342275,38.152767,13.3466907885868,38.1219594904434,2.1444824211585094
S-111,S-111,Stadio Nazionale PNF,Rome,Italy,WC-1934,1934,1932,1911,47000,Multi-purpose,Existing,not in use,demolished 1957,replaced by successor stadium,https://en.wikipedia.org/wiki/Stadio_Nazionale_PNF,ITA,NA,NA,1938.676,0.9864101659018708,2.3193909707820017,1975,43,23,92,115,Point(12.472222 41.927222),12.472222,41.927222,12.5140259735732,41.8887035629011,3.4248905048879656
S-112,S-112,Stadio Olimpico,Rome,Italy,WC-1990,1990,1984,1953,74000,Multi-purpose,Existing,in use,NA,NA,https://en.wikipedia.org/wiki/Stadio_Olimpico,ITA,7757.55374836822,NA,2113.712,0.9852392538523924,2.1678638892482094,1984,0,37,36,73,Point(12.454722222 41.933888888),12.454722222,41.933888888,12.5140259735732,41.8887035629011,4.368953787316799
S-113,S-113,Stadio Littorio,Trieste,Italy,WC-1934,1934,1932,1932,8000,Multi-purpose,Existing,in use,NA,NA,https://en.wikipedia.org/wiki/Stadio_Giuseppe_Grezar,ITA,NA,NA,236.638,0.832333215672432,0.00449875834351053,1975,43,2,92,94,Point(13.79425764 45.62381518),13.79425764,45.62381518,13.7879675282265,45.6444490374391,1.459327181442809
S-114,S-114,Stadio Benito Mussolini,Turin,Italy,WC-1934,1934,1932,1933,28000,Multi-purpose,New,in use,NA,NA,https://en.wikipedia.org/wiki/Stadio_Olimpico_Grande_Torino,ITA,NA,NA,1275.883,0.9752912107306742,1.4179455540764143,1975,43,1,92,93,Point(7.65 45.041667),7.65,45.041667,7.64722894308938,45.0661095934941,1.6961298125059703
S-115,S-115,Stadio delle Alpi,Turin,Italy,WC-1990,1990,1984,1990,63000,Multi-purpose,New,in use,rebuilt 2011,NA,https://en.wikipedia.org/wiki/Stadio_delle_Alpi,ITA,7757.55374836822,NA,1274.9,0.9688564476885644,1.1842754263760449,1984,0,0,36,36,Point(7.641261111 45.109561111),7.641261111,45.109561111,7.64722894308938,45.0661095934941,3.0196778788545533
S-116,S-116,Stadio Friuli,Udine,Italy,WC-1990,1990,1984,1976,36000,Single-purpose,Existing,in use,NA,NA,https://en.wikipedia.org/wiki/Stadio_Friuli,ITA,7757.55374836822,NA,77.192,0.32068126520681267,-0.2201534214345431,1984,0,14,36,50,Point(13.200136 46.081603),13.200136,46.081603,13.2365470112557,46.0666773453474,2.0294408699111948
S-117,S-117,Stadio Marc'Antonio Bentegodi,Verona,Italy,WC-1990,1990,1984,1963,36000,Multi-purpose,Existing,in use,NA,NA,https://en.wikipedia.org/wiki/Stadio_Marc%27Antonio_Bentegodi,ITA,7757.55374836822,NA,200.134,0.7693430656934307,-0.07599199694081908,1984,0,27,36,63,Point(10.968647 45.435356),10.968647,45.435356,10.9895172348855,45.4377552416273,1.026485646135086
S-118,S-118,Kashima Stadium,Ibaraki,Japan,WC-2002,2002,1996,1993,42000,Single-purpose,Existing,in use,NA,NA,https://en.wikipedia.org/wiki/Kashima_Soccer_Stadium,JPN,39929.7185750327,NA,14976.794,0.9988839285714286,15.266956938495015,1996,0,9,24,33,Point(140.640525 35.991744),140.640525,35.991744,135.479603274489,34.7225105202779,304.0467748453724
S-119,S-119,Kobe Wing Stadium,Kobe,Japan,WC-2002,2002,1996,2001,42000,Single-purpose,New,in use,NA,NA,https://en.wikipedia.org/wiki/Kobe_Wing_Stadium,JPN,39929.7185750327,NA,14976.794,0.9988839285714286,15.266956938495015,1996,0,1,24,25,Point(135.168888888 34.656666666),135.168888888,34.656666666,135.479603274489,34.7225105202779,18.249516286337197
S-120,S-120,Miyagi Stadium,Miyagi,Japan,WC-2002,2002,1996,2000,49000,Single-purpose,New,in use,NA,NA,https://en.wikipedia.org/wiki/Miyagi_Stadium,JPN,39929.7185750327,NA,1119.773,0.9621775793650794,0.8712475201936742,1996,0,2,24,26,Point(140.950419444 38.335391666),140.950419444,38.335391666,140.907866398296,38.2719119659416,4.961420004018429
S-121,S-121,Niigata Stadium,Niigata,Japan,WC-2002,2002,1996,2001,42000,Multi-purpose,New,in use,NA,NA,https://en.wikipedia.org/wiki/Denka_Big_Swan_Stadium,JPN,39929.7185750327,NA,501.224,0.9109623015873016,0.22865257392197016,1996,0,1,24,25,Point(139.059166666 37.8825),139.059166666,37.8825,139.048435839728,37.9053985982911,1.6887569132308875
S-122,S-122,Ōita Stadium,Ōita,Japan,WC-2002,2002,1996,2001,43000,Multi-purpose,New,in use,NA,NA,https://en.wikipedia.org/wiki/Showa_Denko_Dome_Oita,JPN,39929.7185750327,NA,406.752,0.8900049603174603,0.1305079972365654,1996,0,1,24,25,Point(131.6575 33.200556),131.6575,33.200556,131.637577184805,33.2320330121462,2.4636990548390343
S-123,S-123,Nagai Stadium,Osaka,Japan,WC-2002,2002,1996,1964,50000,Multi-purpose,Existing,in use,NA,NA,https://en.wikipedia.org/wiki/Nagai_Stadium,JPN,39929.7185750327,NA,14976.794,0.9988839285714286,15.266956938495015,1996,0,38,24,62,Point(135.518333 34.613889),135.518333,34.613889,135.479603274489,34.7225105202779,7.829854825905665
S-124,S-124,Saitama Stadium,Saitama,Japan,WC-2002,2002,1996,2001,63000,Single-purpose,New,in use,NA,NA,https://en.wikipedia.org/wiki/Saitama_Stadium_2002,JPN,39929.7185750327,NA,29438.348,1,30.29070043437869,1996,0,1,24,25,Point(139.717492 35.903142),139.717492,35.903142,139.655776246888,35.6661787766663,16.75279589960612
S-125,S-125,Sapporo Dome,Sapporo,Japan,WC-2002,2002,1996,2001,42000,Multi-purpose,New,in use,NA,NA,https://en.wikipedia.org/wiki/Sapporo_Dome,JPN,39929.7185750327,NA,1996.53,0.9800347222222222,1.7820882414758048,1996,0,1,24,25,Point(141.409767 43.015172),141.409767,43.015172,141.369539272211,43.0693553937135,4.264107513410917
S-126,S-126,Shizuoka Stadium ECOPA,Shizuoka,Japan,WC-2002,2002,1996,2001,51000,Multi-purpose,New,in use,NA,NA,https://en.wikipedia.org/wiki/Shizuoka_Stadium,JPN,39929.7185750327,NA,399.117,0.8869047619047619,0.12257618841497736,1996,0,1,24,25,Point(137.970503 34.743222),137.970503,34.743222,138.430366160784,34.9893139474733,31.15956262536321
S-127,S-127,International Stadium Yokohama,Yokohama,Japan,WC-2002,2002,1996,1998,72000,Multi-purpose,New,in use,NA,NA,https://en.wikipedia.org/wiki/International_Stadium_Yokohama,JPN,39929.7185750327,NA,29438.348,1,30.29070043437869,1996,0,4,24,28,Point(139.606247 35.510044),139.606247,35.510044,139.655776246888,35.6661787766663,11.153558456605495
S-128,S-128,Estadio Jalisco,Guadalajara,Mexico,WC-1970,1970,1964,1960,71000,Single-purpose,Existing,in use,NA,NA,https://en.wikipedia.org/wiki/Estadio_Jalisco,MEX,480.704214437745,NA,2010.388,0.9872926226614896,2.4169243691775657,1975,11,10,56,66,Point(-103.328139 20.705),-103.328139,20.705,-103.347430134243,20.6567869138028,3.560946872992334
S-128,S-128,Estadio Jalisco,Guadalajara,Mexico,WC-1986,1986,1983,1960,71000,Single-purpose,Existing,in use,NA,NA,https://en.wikipedia.org/wiki/Estadio_Jalisco,MEX,2169.85285279223,NA,2596.184,0.9899432278994322,2.793329980961839,1983,0,26,40,66,Point(-103.328139 20.705),-103.328139,20.705,-103.347430134243,20.6567869138028,3.560946872992334
S-129,S-129,Estadio Tres de Marzo,Guadalajara,Mexico,WC-1986,1986,1983,1971,30000,Multi-purpose,Existing,in use,NA,NA,https://en.wikipedia.org/wiki/Estadio_Tres_de_Marzo,MEX,2169.85285279223,NA,2596.184,0.9899432278994322,2.793329980961839,1983,0,15,40,55,Point(-103.416111111 20.693888888),-103.416111111,20.693888888,-103.347430134243,20.6567869138028,5.132462934226903
S-130,S-130,Estadio Sergio León Chavez,Irapuato,Mexico,WC-1986,1986,1983,1969,31000,Multi-purpose,Existing,in use,NA,NA,https://en.wikipedia.org/wiki/Estadio_Sergio_León_Chávez,MEX,2169.85285279223,NA,178.383,0.7425790754257907,-0.09713698528376462,1983,0,17,40,57,Point(-101.3563 20.6845),-101.3563,20.6845,-101.35576269944,20.6733583262701,0.7714635563398757
S-131,S-131,Estadio Nou Camp,León,Mexico,WC-1970,1970,1964,1967,31000,Single-purpose,New,in use,NA,NA,https://en.wikipedia.org/wiki/Estadio_Nou_Camp,MEX,480.704214437745,NA,440.463,0.9188139781150724,0.2817151925243429,1975,11,3,56,59,Point(-101.657744 21.115544),-101.657744,21.115544,-101.667174394411,21.1247226270869,0.8794042629425046
S-131,S-131,Estadio Nou Camp,León,Mexico,WC-1986,1986,1983,1967,31000,Single-purpose,Existing,in use,NA,NA,https://en.wikipedia.org/wiki/Estadio_Nou_Camp,MEX,2169.85285279223,NA,634.285,0.9373884833738848,0.44789119149559103,1983,0,19,40,59,Point(-101.657744 21.115544),-101.657744,21.115544,-101.667174394411,21.1247226270869,0.8794042629425046
S-132,S-132,Estadio Azteca,Mexico City,Mexico,WC-1970,1970,1964,1966,115000,Single-purpose,New,in use,NA,NA,https://en.wikipedia.org/wiki/Estadio_Azteca,MEX,480.704214437745,NA,11119.402,0.9991175432403812,14.8058284780125,1975,11,4,56,60,Point(-99.150555555 19.303055555),-99.150555555,19.303055555,-99.1049386818456,19.4448241307528,10.248090727712013
S-132,S-132,Estadio Azteca,Mexico City,Mexico,WC-1986,1986,1983,1966,115000,Single-purpose,Existing,in use,NA,NA,https://en.wikipedia.org/wiki/Estadio_Azteca,MEX,2169.85285279223,NA,13899.24,0.9993511759935118,16.306067375654024,1983,0,20,40,60,Point(-99.150555555 19.303055555),-99.150555555,19.303055555,-99.1049386818456,19.4448241307528,10.248090727712013
S-133,S-133,Estadio Olímpico Universitario,Mexico City,Mexico,WC-1986,1986,1983,1952,72000,Multi-purpose,Existing,in use,NA,NA,https://en.wikipedia.org/wiki/Estadio_Ol%C3%ADmpico_Universitario,MEX,2169.85285279223,NA,13899.24,0.9993511759935118,16.306067375654024,1983,0,34,40,74,Point(-99.192106 19.331928),-99.192106,19.331928,-99.1049386818456,19.4448241307528,9.660757565468055
S-134,S-134,Estadio Tecnológico,Monterrey,Mexico,WC-1986,1986,1983,1950,34000,Multi-purpose,Existing,not in use,demolished 2017,replaced by successor stadium,https://en.wikipedia.org/wiki/Estadio_Tecnológico,MEX,2169.85285279223,NA,2192.826,0.9863746958637468,2.3111178491234887,1983,0,36,40,76,Point(-100.286417 25.65225),-100.286417,25.65225,-100.288026130133,25.7141114579572,4.280188067561086
S-135,S-135,Estadio Universitario,Monterrey,Mexico,WC-1986,1986,1983,1967,44000,Single-purpose,Existing,in use,NA,NA,https://en.wikipedia.org/wiki/Estadio_Universitario_(UANL),MEX,2169.85285279223,NA,2192.826,0.9863746958637468,2.3111178491234887,1983,0,19,40,59,Point(-100.312055555 25.722805555),-100.312055555,25.722805555,-100.288026130133,25.7141114579572,1.6137241225043042
S-136,S-136,Estadio Neza 86,Nezahualcóyotl,Mexico,WC-1986,1986,1983,1981,35000,Single-purpose,Existing,in use,NA,NA,https://en.wikipedia.org/wiki/Estadio_Neza_86,MEX,2169.85285279223,NA,13899.24,0.9993511759935118,16.306067375654024,1983,0,5,40,45,Point(-98.986944444 19.405833333),-98.986944444,19.405833333,-99.1049386818456,19.4448241307528,8.155997751859752
S-137,S-137,Estadio Cuauhtémoc,Puebla,Mexico,WC-1970,1970,1964,1968,46000,Single-purpose,New,in use,NA,NA,https://en.wikipedia.org/wiki/Estadio_Cuauhtémoc,MEX,480.704214437745,NA,576.518,0.9376985527709142,0.4667596274684035,1975,11,2,56,58,Point(-98.164444 19.078056),-98.164444,19.078056,-98.2035936090208,19.0413348607655,3.6059819627222947
S-137,S-137,Estadio Cuauhtémoc,Puebla,Mexico,WC-1986,1986,1983,1968,46000,Single-purpose,Existing,in use,NA,NA,https://en.wikipedia.org/wiki/Estadio_Cuauhtémoc,MEX,2169.85285279223,NA,836.252,0.951338199513382,0.6893415597317386,1983,0,18,40,58,Point(-98.164444 19.078056),-98.164444,19.078056,-98.2035936090208,19.0413348607655,3.6059819627222947
S-138,S-138,Estadio La Corregidora,Querétaro,Mexico,WC-1986,1986,1983,1985,39000,Single-purpose,New,in use,NA,NA,https://en.wikipedia.org/wiki/Estadio_La_Corregidora,MEX,2169.85285279223,NA,241.721,0.8249889884011159,-0.0103704308611317,1985,2,1,40,41,Point(-100.366388888 20.577777777),-100.366388888,20.577777777,-100.418934467459,20.6046290854626,3.876356956630794
S-139,S-139,La Bombonera,Toluca,Mexico,WC-1970,1970,1964,1940,33000,Single-purpose,Existing,in use,NA,NA,https://en.wikipedia.org/wiki/Estadio_Nemesio_D%C3%ADez,MEX,480.704214437745,NA,195.142,0.7847066367425457,-0.05913087170893705,1980,16,30,56,86,Point(-99.666794 19.287286),-99.666794,19.287286,-99.6263103620099,19.2881212607046,2.6437458791436876
S-139,S-139,La Bombonera,Toluca,Mexico,WC-1986,1986,1983,1940,33000,Single-purpose,Existing,in use,NA,NA,https://en.wikipedia.org/wiki/Estadio_Nemesio_D%C3%ADez,MEX,2169.85285279223,NA,292.557,0.8520681265206813,0.03935736450107107,1983,0,46,40,86,Point(-99.666794 19.287286),-99.666794,19.287286,-99.6263103620099,19.2881212607046,2.6437458791436876
S-140,S-140,Al Bayt Stadium,Al Khor,Qatar,WC-2022,2022,2010,2021,69000,Single-purpose,New,in use,NA,NA,https://en.wikipedia.org/wiki/Al_Bayt_Stadium,QAT,77387.2936379616,NA,83.737,0.3794622373130219,-0.18988563366973613,2015,5,1,4,5,Point(51.48777771 25.65222168),51.48777771,25.65222168,51.5014615818478,25.677959775387,1.9741876244878762
S-141,S-141,Ahmad bin Ali Stadium,Al Rayyan,Qatar,WC-2022,2022,2010,2020,45000,Single-purpose,New,in use,NA,NA,https://en.wikipedia.org/wiki/Ahmad_bin_Ali_Stadium,QAT,77387.2936379616,NA,1104.055,0.9618565729298434,0.7135547787802383,2010,0,2,4,6,Point(51.341279 25.330538),51.341279,25.330538,51.4801627572882,25.256453198594,10.08476476118113
S-142,S-142,Education City Stadium,Al Rayyan,Qatar,WC-2022,2022,2010,2020,45000,Single-purpose,New,in use,NA,NA,https://en.wikipedia.org/wiki/Education_City_Stadium,QAT,77387.2936379616,NA,1104.055,0.9618565729298434,0.7135547787802383,2010,0,2,4,6,Point(51.424274 25.310595),51.424274,25.310595,51.4801627572882,25.256453198594,5.122903297578231
S-143,S-143,Khalifa International Stadium,Al Rayyan,Qatar,WC-2022,2022,2010,1976,46000,Multi-purpose,Existing,in use,NA,NA,https://en.wikipedia.org/wiki/Khalifa_International_Stadium,QAT,77387.2936379616,NA,1104.055,0.9618565729298434,0.7135547787802383,2010,0,46,4,50,Point(51.448055555 25.263611111),51.448055555,25.263611111,51.4801627572882,25.256453198594,2.068649747996884
S-144,S-144,Al Janoub Stadium,Al Wakrah,Qatar,WC-2022,2022,2010,2019,44000,Single-purpose,New,in use,NA,NA,https://en.wikipedia.org/wiki/Al_Janoub_Stadium,QAT,77387.2936379616,NA,73.507,0.3017417534299893,-0.20044382908148384,2010,0,3,4,7,Point(51.574083333 25.159777777),51.574083333,25.159777777,51.5986516309793,25.1687871421285,1.6595740520165618
S-145,S-145,Al Thumama Stadium,Doha,Qatar,WC-2022,2022,2010,2021,44000,Single-purpose,New,in use,NA,NA,https://en.wikipedia.org/wiki/Al_Thumama_Stadium,QAT,77387.2936379616,NA,1104.055,0.9618565729298434,0.7135547787802383,2010,0,1,4,5,Point(51.532113 25.235052),51.532113,25.235052,51.4801627572882,25.256453198594,3.571464422732121
S-146,S-146,Stadium 974,Doha,Qatar,WC-2022,2022,2010,2021,44000,Single-purpose,New,in use,NA,NA,https://en.wikipedia.org/wiki/Stadium_974,QAT,77387.2936379616,NA,1104.055,0.9618565729298434,0.7135547787802383,2010,0,1,4,5,Point(51.566465 25.288695),51.566465,25.288695,51.4801627572882,25.256453198594,5.840779446728415
S-147,S-147,Lusail Stadium,Lusail,Qatar,WC-2022,2022,2010,2022,89000,Single-purpose,New,in use,NA,NA,https://en.wikipedia.org/wiki/Lusail_Stadium,QAT,77387.2936379616,NA,1104.055,0.9618565729298434,0.7135547787802383,2010,0,0,4,4,Point(51.490388888 25.420861111),51.490388888,25.420861111,51.4801627572882,25.256453198594,11.390197867095848
S-148,S-148,Kaliningrad Stadium,Kaliningrad,Russia,WC-2018,2018,2010,2018,34000,Single-purpose,New,in use,NA,NA,https://en.wikipedia.org/wiki/Kaliningrad_Stadium,RUS,10674.990234375,NA,391.802,0.8823586649800526,0.081853731914556,2010,0,0,8,8,Point(20.533888888 54.698055555),20.533888888,54.698055555,20.5056510495494,54.7134909789155,1.5535538513352243
S-149,S-149,Kazan Arena,Kazan,Russia,WC-2018,2018,2010,2013,43000,Single-purpose,New,in use,NA,NA,https://en.wikipedia.org/wiki/Kazan_Arena,RUS,10674.990234375,NA,1030.164,0.9589374331030456,0.6480204503127526,2010,0,5,8,13,Point(49.161 55.821),49.161,55.821,49.1414934098541,55.80228365209,1.5003011612613195
S-150,S-150,Luzhniki Stadium,Moscow,Russia,WC-2018,2018,2010,1956,78000,Multi-purpose,Existing,in use,NA,NA,https://en.wikipedia.org/wiki/Luzhniki_Stadium,RUS,10674.990234375,NA,12790.165,0.9976646881385618,11.07802908887443,2010,0,62,8,70,Point(37.553611111 55.715833333),37.553611111,55.715833333,37.6383476191421,55.7503707612675,4.074131539430602
S-151,S-151,Otkritie Arena,Moscow,Russia,WC-2018,2018,2010,2014,44000,Multi-purpose,New,in use,NA,NA,https://en.wikipedia.org/wiki/Otkritie_Arena,RUS,10674.990234375,NA,12790.165,0.9976646881385618,11.07802908887443,2010,0,4,8,12,Point(37.4403 55.8178),37.4403,55.8178,37.6383476191421,55.7503707612675,9.005188640399673
S-152,S-152,Nizhny Novgorod Stadium,Nizhny Novgorod,Russia,WC-2018,2018,2010,2018,43000,Single-purpose,New,in use,NA,NA,https://en.wikipedia.org/wiki/Nizhny_Novgorod_Stadium,RUS,10674.990234375,NA,1216.485,0.9653595407220006,0.8132695552699247,2010,0,0,8,8,Point(43.963333333 56.3375),43.963333333,56.3375,43.9198772136398,56.2985983600243,3.1653883982337847
S-153,S-153,Rostov Arena,Rostov-on-Don,Russia,WC-2018,2018,2010,2018,43000,Single-purpose,New,in use,NA,NA,https://en.wikipedia.org/wiki/Rostov_Arena,RUS,10674.990234375,NA,1065.639,0.9601050890337648,0.6794834201248278,2010,0,0,8,8,Point(39.7378 47.2094),39.7378,47.2094,39.7073766108239,47.2436415130629,2.7662655003526013
S-154,S-154,Krestovsky Stadium,Saint Petersburg,Russia,WC-2018,2018,2010,2017,64000,Single-purpose,New,in use,NA,NA,https://en.wikipedia.org/wiki/Krestovsky_Stadium,RUS,10674.990234375,NA,4129.886,0.9921183224676462,3.3971806958892357,2010,0,1,8,9,Point(30.220533 59.972953),30.220533,59.972953,30.3377740290309,59.9340628982321,4.870764031127621
S-155,S-155,Samara Arena,Samara,Russia,WC-2018,2018,2010,2018,42000,Single-purpose,New,in use,NA,NA,https://en.wikipedia.org/wiki/Samara_Arena,RUS,10674.990234375,NA,985.359,0.9562129025980344,0.6082826529221947,2010,0,0,8,8,Point(50.23769 53.277534),50.23769,53.277534,50.2050269962482,53.2161828344996,4.453850214132453
S-156,S-156,Mordovia Arena,Saransk,Russia,WC-2018,2018,2010,2018,42000,Single-purpose,New,in use,NA,NA,https://en.wikipedia.org/wiki/Mordovia_Arena,RUS,10674.990234375,NA,292.538,0.838571567578087,-0.00618404780146498,2010,0,0,8,8,Point(45.2014 54.1828),45.2014,54.1828,45.1806911992701,54.1890890117258,0.9443663425710666
S-157,S-157,Fisht Olympic Stadium,Sochi,Russia,WC-2018,2018,2010,2014,44000,Multi-purpose,New,in use,NA,NA,https://en.wikipedia.org/wiki/Fisht_Olympic_Stadium,RUS,10674.990234375,NA,184.809,0.7306606986474652,-0.10172948190675214,2010,0,4,8,12,Point(39.955858093 43.401769445),39.955858093,43.401769445,39.731151310852,43.6008333726071,17.79629645825117
S-158,S-158,Volgograd Arena,Volgograd,Russia,WC-2018,2018,2010,2018,44000,Single-purpose,New,in use,NA,NA,https://en.wikipedia.org/wiki/Volgograd_Arena,RUS,10674.990234375,NA,704.33,0.9365573610975966,0.3590365093473474,2010,0,0,8,8,Point(44.5481 48.7346),44.5481,48.7346,44.5134200289165,48.74092557162,1.6414441380177438
S-159,S-159,Central Stadium,Yekaterinburg,Russia,WC-2018,2018,2010,1957,33000,Single-purpose,Existing,in use,NA,NA,https://en.wikipedia.org/wiki/Central_Stadium_(Yekaterinburg),RUS,10674.990234375,NA,1173.776,0.9645811034348544,0.7753907116419072,2010,0,61,8,69,Point(60.57358 56.83244),60.57358,56.83244,60.5960410379284,56.8387472765916,0.9553501091043435
S-160,S-160,Free State Stadium,Bloemfontein,South Africa,WC-2010,2010,2004,1955,41000,Multi-purpose,Existing,in use,NA,NA,https://en.wikipedia.org/wiki/Free_State_Stadium,ZAF,5221.46333731721,NA,355.995,0.8610607434270172,0.04539252000805491,2004,0,55,16,71,Point(26.208888888 -29.117222222),26.208888888,-29.117222222,26.2457278956099,-29.1659517489229,4.0391625337843315
S-161,S-161,Cape Town Stadium,Cape Town,South Africa,WC-2010,2010,2004,2009,64000,Multi-purpose,New,in use,NA,NA,https://en.wikipedia.org/wiki/Cape_Town_Stadium,ZAF,5221.46333731721,NA,2685.563,0.9848141432456936,2.1852980005320113,2004,0,1,16,17,Point(18.411152777 -33.903461111),18.411152777,-33.903461111,18.5999587421507,-33.9805360922243,12.075178095591461
S-162,S-162,Moses Mabhida Stadium,Durban,South Africa,WC-2010,2010,2004,2009,63000,Multi-purpose,New,in use,NA,NA,https://en.wikipedia.org/wiki/Moses_Mabhida_Stadium,ZAF,5221.46333731721,NA,2647.865,0.98447416137806,2.1506691951892214,2004,0,1,16,17,Point(31.0303 -29.829),31.0303,-29.829,30.7347684823797,-29.6451663770183,21.834894471874726
S-163,S-163,Ellis Park Stadium,Johannesburg,South Africa,WC-2010,2010,2004,1928,56000,Multi-purpose,Existing,in use,NA,NA,https://en.wikipedia.org/wiki/Ellis_Park_Stadium,ZAF,5221.46333731721,NA,3683.706,0.9911604714415232,3.1021768707974955,2004,0,82,16,98,Point(28.060833333 -26.1975),28.060833333,-26.1975,27.8600917239307,-26.1204492874788,13.554991796809583
S-164,S-164,Soccer City,Johannesburg,South Africa,WC-2010,2010,2004,2009,84000,Multi-purpose,New,in use,NA,NA,https://en.wikipedia.org/wiki/FNB_Stadium,ZAF,5221.46333731721,NA,3683.706,0.9911604714415232,3.1021768707974955,2004,0,1,16,17,Point(27.982378 -26.234806),27.982378,-26.234806,27.8600917239307,-26.1204492874788,10.963331043856186
S-165,S-165,Mbombela Stadium,Nelspruit,South Africa,WC-2010,2010,2004,2009,41000,Multi-purpose,New,in use,NA,NA,https://en.wikipedia.org/wiki/Mbombela_Stadium,ZAF,5221.46333731721,NA,NA,NA,NA,NA,NA,1,16,17,Point(30.929777777 -25.461888888),30.929777777,-25.461888888,NA,NA,NA
S-166,S-166,Peter Mokaba Stadium,Polokwane,South Africa,WC-2010,2010,2004,2010,42000,Multi-purpose,New,in use,NA,NA,https://en.wikipedia.org/wiki/Peter_Mokaba_Stadium,ZAF,5221.46333731721,NA,93.863,0.42497733454215775,-0.1953979198592105,2004,0,0,16,16,Point(29.468765 -23.924689),29.468765,-23.924689,29.408234298797,-23.8660616387749,5.576714355579143
S-167,S-167,Nelson Mandela Bay Stadium,Port Elizabeth,South Africa,WC-2010,2010,2004,2009,42000,Multi-purpose,New,in use,NA,NA,https://en.wikipedia.org/wiki/Nelson_Mandela_Bay_Stadium,ZAF,5221.46333731721,NA,488.592,0.9001586582048957,0.16719409308986022,2004,0,1,16,17,Point(25.598889 -33.937778),25.598889,-33.937778,25.547649468856,-33.8816308165377,4.871933347952828
S-168,S-168,Loftus Versfeld Stadium,Pretoria,South Africa,WC-2010,2010,2004,1923,43000,Multi-purpose,Existing,in use,NA,NA,https://en.wikipedia.org/wiki/Loftus_Versfeld_Stadium,ZAF,5221.46333731721,NA,878.247,0.9473028105167725,0.5251252073623615,2004,0,87,16,103,Point(28.223014 -25.753189),28.223014,-25.753189,28.1785168972407,-25.7268649965862,3.316963322622349
S-169,S-169,Royal Bafokeng Stadium,Rustenburg,South Africa,WC-2010,2010,2004,1999,42000,Multi-purpose,Existing,in use,NA,NA,https://en.wikipedia.org/wiki/Royal_Bafokeng_Stadium,ZAF,5221.46333731721,NA,78.335,0.3508497549786258,-0.2000489793496464,2005,1,11,16,27,Point(27.160833333 -25.578611111),27.160833333,-25.578611111,27.2159025658186,-25.6455845879525,5.767120319434181
S-170,S-170,Busan Asiad Stadium,Busan,South Korea,WC-2002,2002,1996,2001,56000,Multi-purpose,New,in use,NA,NA,https://en.wikipedia.org/wiki/Busan_Asiad_Stadium,KOR,13864.9376534518,NA,3720.274,0.9929315476190476,3.572842382321837,1996,0,1,24,25,Point(129.058361 35.190103),129.058361,35.190103,129.058963034942,35.1597692255284,2.098490466754095
S-171,S-171,Daegu World Cup Stadium,Daegu,South Korea,WC-2002,2002,1996,2001,68000,Multi-purpose,New,in use,NA,NA,https://en.wikipedia.org/wiki/Daegu_Stadium,KOR,13864.9376534518,NA,2432.735,0.9856150793650794,2.2352506078177576,1996,0,1,24,25,Point(128.690205 35.829739),128.690205,35.829738999999996,128.594100778195,35.8578102275641,5.727825149303701
S-172,S-172,Daejeon World Cup Stadium,Daejeon,South Korea,WC-2002,2002,1996,2001,40000,Single-purpose,New,in use,NA,NA,https://en.wikipedia.org/wiki/Daejeon_World_Cup_Stadium,KOR,13864.9376534518,NA,1181.47,0.964781746031746,0.9353429764956412,1996,0,1,24,25,Point(127.325056 36.365229),127.325056,36.365229,127.396290543965,36.3439040613971,4.233598137276522
S-173,S-173,Gwangju World Cup Stadium,Gwangju,South Korea,WC-2002,2002,1996,2001,43000,Multi-purpose,New,in use,NA,NA,https://en.wikipedia.org/wiki/Gwangju_World_Cup_Stadium,KOR,13864.9376534518,NA,1186.497,0.96515376984127,0.9405653999332476,1996,0,1,24,25,Point(126.874914 35.133727),126.874914,35.133727,127.237836325559,37.3825984649313,156.86757372316418
S-174,S-174,Incheon Munhak Stadium,Incheon,South Korea,WC-2002,2002,1996,2002,52000,Multi-purpose,New,in use,NA,NA,https://en.wikipedia.org/wiki/Incheon_Munhak_Stadium,KOR,13864.9376534518,NA,18064.102,0.999751984126984,18.474283307762775,1996,0,0,24,24,Point(126.690699 37.434984),126.690699,37.434984,126.948537460265,37.4974757609934,14.801051479494625
S-175,S-175,Jeonju World Cup Stadium,Jeonju,South Korea,WC-2002,2002,1996,2001,42000,Single-purpose,New,in use,NA,NA,https://en.wikipedia.org/wiki/Jeonju_World_Cup_Stadium,KOR,13864.9376534518,NA,534.278,0.9191468253968254,0.26299154036450734,1996,0,1,24,25,Point(127.06448 35.868071),127.06448,35.868071,127.127911804809,35.8259282936362,4.598534756883906
S-176,S-176,Jeju World Cup Stadium,Seogwipo,South Korea,WC-2002,2002,1996,2001,42000,Single-purpose,New,in use,NA,NA,https://en.wikipedia.org/wiki/Jeju_World_Cup_Stadium,KOR,13864.9376534518,NA,NA,NA,NA,NA,NA,1,24,25,Point(126.509361 33.246212),126.509361,33.246212,NA,NA,NA
S-177,S-177,Seoul World Cup Stadium,Seoul,South Korea,WC-2002,2002,1996,2001,64000,Single-purpose,New,in use,NA,NA,https://en.wikipedia.org/wiki/Seoul_World_Cup_Stadium,KOR,13864.9376534518,NA,18064.102,0.999751984126984,18.474283307762775,1996,0,1,24,25,Point(126.897243 37.56823),126.897243,37.56823,126.948537460265,37.4974757609934,5.645276377920074
S-178,S-178,Suwon World Cup Stadium,Suwon,South Korea,WC-2002,2002,1996,2001,43000,Single-purpose,New,in use,NA,NA,https://en.wikipedia.org/wiki/Suwon_World_Cup_Stadium,KOR,13864.9376534518,NA,18064.102,0.999751984126984,18.474283307762775,1996,0,1,24,25,Point(127.036855 37.286421),127.036855,37.286421,126.948537460265,37.4974757609934,15.384528671641789
S-179,S-179,Ulsan Munsu Football Stadium,Ulsan,South Korea,WC-2002,2002,1996,2001,44000,Single-purpose,New,in use,NA,NA,https://en.wikipedia.org/wiki/Ulsan_Munsu_Football_Stadium,KOR,13864.9376534518,NA,808.745,0.9484126984126984,0.5481283801595047,1996,0,1,24,25,Point(129.259444444 35.535277777),129.259444444,35.535277777,129.354704028336,35.5298334333223,5.3753951324120806
S-180,S-180,Estadio Riazor,A Coruña,Spain,WC-1982,1982,1966,1944,34000,Single-purpose,Existing,in use,NA,NA,https://en.wikipedia.org/wiki/Estadio_Riazor,ESP,915.62923367863,NA,238.717,0.8348040945993647,0.00732634557109279,1975,9,38,44,82,Point(-8.417372 43.368667),-8.417372,43.368667,-8.40687745405963,43.3541489344037,1.1344659762682605
S-181,S-181,Estadio José Rico Pérez,Alicante,Spain,WC-1982,1982,1966,1974,33000,Multi-purpose,New,in use,NA,NA,https://en.wikipedia.org/wiki/Estadio_José_Rico_Pérez,ESP,915.62923367863,NA,172.424,0.7582068478644547,-0.08283682906965256,1975,9,8,44,52,Point(-0.4925 38.357222),-0.4925,38.357222,-0.480018031421816,38.3631357521286,0.7909900505066481
S-182,S-182,Camp Nou,Barcelona,Spain,WC-1982,1982,1966,1957,121000,Single-purpose,Existing,in use,NA,NA,https://en.wikipedia.org/wiki/Camp_Nou,ESP,915.62923367863,NA,2234.53,0.9890575361807272,2.7217733621379985,1975,9,25,44,69,Point(2.122777777 41.380833333),2.122777777,41.380833333,2.15510955627463,41.4251649163782,3.495297216788036
S-183,S-183,Estadi de Sarrià,Barcelona,Spain,WC-1982,1982,1966,1923,40000,Single-purpose,Existing,not in use,demolished 1997,urban redevelopment,https://en.wikipedia.org/wiki/Sarrià_Stadium,ESP,915.62923367863,NA,2234.53,0.9890575361807272,2.7217733621379985,1975,9,59,44,103,Point(2.133333333 41.393055555),2.133333333,41.393055555,2.15510955627463,41.4251649163782,2.491837711193789
S-184,S-184,Estadio San Mamés,Bilbao,Spain,WC-1982,1982,1966,1913,46000,Single-purpose,Existing,not in use,demolished 2013,replaced by successor stadium,https://en.wikipedia.org/wiki/San_Mamés_Stadium_(1913),ESP,915.62923367863,NA,900.398,0.9622308506883164,0.9072593635286904,1975,9,69,44,113,Point(-2.949369 43.264205),-2.949369,43.264205,-2.96054999323992,43.2831460421655,1.4260529420043493
S-185,S-185,Nuevo Estadio,Elche,Spain,WC-1982,1982,1966,1976,53000,Single-purpose,New,in use,NA,NA,https://en.wikipedia.org/wiki/Estadio_Manuel_Mart%C3%ADnez_Valero,ESP,915.62923367863,NA,83.299,0.4297564419343452,-0.20405314059359067,1975,9,6,44,50,Point(-0.663333 38.266944),-0.663333,38.266944,-0.70161852811235,38.2686411674683,2.0825133370381694
S-186,S-186,Estadio El Molinón,Gijón,Spain,WC-1982,1982,1966,1908,45000,Single-purpose,Existing,in use,NA,NA,https://en.wikipedia.org/wiki/El_Molinón,ESP,915.62923367863,NA,193.267,0.7876809036357219,-0.05448887304055364,1975,9,74,44,118,Point(-5.637222 43.536111),-5.637222,43.536111,-5.67448864219863,43.5316975114937,1.8935671913693208
S-187,S-187,Estadio Santiago Bernabéu,Madrid,Spain,WC-1982,1982,1966,1947,90000,Single-purpose,Existing,in use,NA,NA,https://en.wikipedia.org/wiki/Santiago_Bernabéu_Stadium,ESP,915.62923367863,NA,2951.852,0.9924108718672784,3.697382080398579,1975,9,35,44,79,Point(-3.68835 40.45306),-3.68835,40.45306,-3.70761468237855,40.4051902313398,3.463079920678157
S-188,S-188,Vicente Calderón,Madrid,Spain,WC-1982,1982,1966,1966,66000,Single-purpose,Existing,not in use,demolished 2019,replaced by successor stadium,https://en.wikipedia.org/wiki/Vicente_Calderón_Stadium,ESP,915.62923367863,NA,2951.852,0.9924108718672784,3.697382080398579,1975,9,16,44,60,Point(-3.720556 40.401667),-3.720556,40.401667,-3.70761468237855,40.4051902313398,0.7239202237095979
S-189,S-189,Estadio La Rosaleda,Málaga,Spain,WC-1982,1982,1966,1941,45000,Single-purpose,Existing,in use,NA,NA,https://en.wikipedia.org/wiki/Estadio_La_Rosaleda,ESP,915.62923367863,NA,378.651,0.9038122132015532,0.19764649521250377,1975,9,41,44,85,Point(-4.426422 36.734092),-4.426422,36.734092,-4.43701714924549,36.7199715150584,1.1397491885444695
S-190,S-190,Estadio Carlos Tartiere,Oviedo,Spain,WC-1982,1982,1966,1932,24000,Multi-purpose,Existing,not in use,demolished 2003,replaced by successor stadium,https://en.wikipedia.org/wiki/Estadio_Carlos_Tartiere_(1932),ESP,915.62923367863,NA,164.4,0.7444405224144017,-0.09375003730155249,1975,9,50,44,94,Point(-5.86082 43.35791),-5.86082,43.35791,-5.84680569413645,43.3662987994318,0.912908377880711
S-191,S-191,Estadio Benito Villamarín,Seville,Spain,WC-1982,1982,1966,1929,50000,Single-purpose,Existing,in use,NA,NA,https://en.wikipedia.org/wiki/Estadio_Benito_Villamar%C3%ADn,ESP,915.62923367863,NA,575.312,0.9373455700670668,0.4651193820636588,1975,9,53,44,97,Point(-5.981611 37.356403),-5.981611,37.356403,-5.96817181304462,37.3874323714255,2.2699127106957437
S-192,S-192,Estadio Ramón Sánchez Pizjuán,Seville,Spain,WC-1982,1982,1966,1958,68000,Single-purpose,Existing,in use,NA,NA,https://en.wikipedia.org/wiki/Ramón_Sánchez_Pizjuán_Stadium,ESP,915.62923367863,NA,575.312,0.9373455700670668,0.4651193820636588,1975,9,24,44,68,Point(-5.970467 37.383878),-5.970467,37.383878,-5.96817181304462,37.3874323714255,0.2763319875324808
S-193,S-193,Estadio Luis Casanova,Valencia,Spain,WC-1982,1982,1966,1923,50000,Single-purpose,Existing,in use,NA,NA,https://en.wikipedia.org/wiki/Mestalla_Stadium,ESP,915.62923367863,NA,936.706,0.9639957642075538,0.9566408147355476,1975,9,59,44,103,Point(-0.358333 39.474722),-0.358333,39.474722,-0.390810848671691,39.470354440435,1.760274713245087
S-194,S-194,Estadio José Zorrilla,Valladolid,Spain,WC-1982,1982,1966,1982,30000,Single-purpose,New,in use,NA,NA,https://en.wikipedia.org/wiki/Estadio_José_Zorrilla,ESP,915.62923367863,NA,264.287,0.8573949876456054,0.0421033563499662,1975,9,0,44,44,Point(-4.761111 41.644444),-4.761111,41.644444,-4.7281629097569,41.6405493838678,1.7243196835686743
S-195,S-195,Balaídos,Vigo,Spain,WC-1982,1982,1966,1928,33000,Single-purpose,Existing,in use,NA,NA,https://en.wikipedia.org/wiki/Bala%C3%ADdos,ESP,915.62923367863,NA,206.121,0.8035651253088598,-0.03700652276477578,1975,9,54,44,98,Point(-8.740328 42.211861),-8.740328,42.211861,-8.71906473587526,42.2255339502581,1.4425504217837302
S-196,S-196,Estadio La Romareda,Zaragoza,Spain,WC-1982,1982,1966,1957,42000,Single-purpose,Existing,in use,NA,NA,https://en.wikipedia.org/wiki/La_Romareda,ESP,915.62923367863,NA,446.172,0.9196964348746912,0.2894798368159576,1975,9,25,44,69,Point(-0.901822 41.636592),-0.901822,41.636592,-0.89068344974455,41.6504702938128,1.1193982266012397
S-197,S-197,Ryavallen,Borås,Sweden,WC-1958,1958,1950,1941,15000,Multi-purpose,Existing,in use,NA,NA,https://en.wikipedia.org/wiki/Ryavallen,SWE,NA,NA,50.436,0.00525964267824344,-0.2102350877803221,2025,75,17,68,85,Point(12.934921 57.735724),12.934921,57.735724,12.9509099540544,57.720830349442,1.1874495262776474
S-198,S-198,Tunavallen,Eskilstuna,Sweden,WC-1958,1958,1950,1924,22000,Multi-purpose,Existing,in use,NA,NA,https://en.wikipedia.org/wiki/Tunavallen,SWE,NA,NA,52.213,0.02980464184337953,-0.2088546995081377,2025,75,34,68,102,Point(16.495 59.370667),16.495,59.370667,16.5086850984729,59.3716804350637,0.48734186227153514
S-199,S-199,Strömvallen,Gävle,Sweden,WC-1995,1995,1993,1903,7000,Single-purpose,Existing,in use,NA,NA,https://en.wikipedia.org/wiki/Strömvallen,SWE,24389.8738124128,NA,NA,NA,NA,NA,NA,92,31,123,Point(17.1275 60.673055555),17.1275,60.673055555,NA,NA,NA
S-200,S-200,Ullevi,Gothenburg,Sweden,WC-1958,1958,1950,1958,54000,Multi-purpose,New,in use,NA,NA,https://en.wikipedia.org/wiki/Ullevi,SWE,NA,NA,419.854,0.9129897635015884,0.2536854930663138,1975,25,0,68,68,Point(11.987222222 57.705833333),11.987222222,57.705833333,11.9717669053325,57.7021798658236,0.6245980904353328
S-201,S-201,Örjans Vall,Halmstad,Sweden,WC-1958,1958,1950,1922,15000,Single-purpose,Existing,in use,NA,NA,https://en.wikipedia.org/wiki/Örjans_Vall,SWE,NA,NA,NA,NA,NA,NA,NA,36,68,104,Point(12.866388888 56.684166666),12.866388888,56.684166666,NA,NA,NA
S-202,S-202,Olympia,Helsingborg,Sweden,WC-1958,1958,1950,1898,27000,Single-purpose,Existing,in use,NA,NA,https://en.wikipedia.org/wiki/Olympia_(Helsingborg),SWE,NA,NA,65.959,0.2515001764913519,-0.22763676855235743,1975,25,60,68,128,Point(12.706944444 56.049444444),12.706944444,56.049444444,12.7111556293261,56.0439478878835,0.413547804617921
S-202,S-202,Olympia,Helsingborg,Sweden,WC-1995,1995,1993,1898,27000,Single-purpose,Existing,in use,NA,NA,https://en.wikipedia.org/wiki/Olympia_(Helsingborg),SWE,24389.8738124128,NA,67.341,0.1962413182622906,-0.2278150910962808,1993,0,97,31,128,Point(12.706944444 56.049444444),12.706944444,56.049444444,12.7111556293261,56.0439478878835,0.413547804617921
S-203,S-203,Tingvalla IP,Karlstad,Sweden,WC-1995,1995,1993,1919,5000,Multi-purpose,Existing,in use,NA,NA,https://en.wikipedia.org/wiki/Tingvalla_IP,SWE,24389.8738124128,NA,NA,NA,NA,NA,NA,76,31,107,Point(13.4935 59.386694),13.4935,59.386694,NA,NA,NA
S-204,S-204,Malmö Stadion,Malmö,Sweden,WC-1958,1958,1950,1958,30000,Multi-purpose,New,in use,NA,NA,https://en.wikipedia.org/wiki/Malmö_Stadion,SWE,NA,NA,220.628,0.8198023296858454,-0.01727597542926086,1975,25,0,68,68,Point(12.989166666 55.586111111),12.989166666,55.586111111,13.0077406505374,55.5879949157981,0.7376968411034539
S-205,S-205,Idrottsparken,Norrköping,Sweden,WC-1958,1958,1950,1903,20000,Multi-purpose,Existing,in use,NA,NA,https://en.wikipedia.org/wiki/Nya_Parken,SWE,NA,NA,73.811,0.34468761030709494,-0.216957492500902,1975,25,55,68,123,Point(16.173055555 58.584166666),16.173055555,58.584166666,16.1833218640427,58.5860076196156,0.3914343381150075
S-206,S-206,Eyravallen,Örebro,Sweden,WC-1958,1958,1950,1923,13000,Single-purpose,Existing,in use,NA,NA,https://en.wikipedia.org/wiki/Behrn_Arena,SWE,NA,NA,67.835,0.2751500176491352,-0.2250852757005324,1975,25,35,68,103,Point(15.22305556 59.26611111),15.22305556,59.26611111,15.2061095469711,59.2768422075679,0.9537895235319198
S-207,S-207,Jernvallen,Sandviken,Sweden,WC-1958,1958,1950,1938,20000,Multi-purpose,Existing,in use,NA,NA,https://en.wikipedia.org/wiki/Jernvallen,SWE,NA,NA,NA,NA,NA,NA,NA,20,68,88,Point(16.773055555 60.608888888),16.773055555,60.608888888,NA,NA,NA
S-208,S-208,Råsunda Stadium,Solna,Sweden,WC-1958,1958,1950,1937,52000,Single-purpose,Existing,not in use,demolished 2013,replaced by successor stadium,https://en.wikipedia.org/wiki/Råsunda_Stadium,SWE,NA,NA,783.776,0.953759265795976,0.7486451847624103,1975,25,21,68,89,Point(17.996388888 59.362777777),17.996388888,59.362777777,18.0053035962164,59.3309351708167,2.2249055544061207
S-208,S-208,Råsunda Stadium,Solna,Sweden,WC-1995,1995,1993,1937,52000,Single-purpose,Existing,not in use,demolished 2013,replaced by successor stadium,https://en.wikipedia.org/wiki/Råsunda_Stadium,SWE,24389.8738124128,NA,899.689,0.9516546370693176,0.653132597638571,1993,0,58,31,89,Point(17.996388888 59.362777777),17.996388888,59.362777777,18.0053035962164,59.3309351708167,2.2249055544061207
S-209,S-209,Rimnersvallen,Uddevalla,Sweden,WC-1958,1958,1950,1923,18000,Multi-purpose,Existing,in use,NA,NA,https://en.wikipedia.org/wiki/Rimnersvallen,SWE,NA,NA,NA,NA,NA,NA,NA,35,68,103,Point(11.95 58.35666667),11.95,58.35666667,NA,NA,NA
S-210,S-210,Arosvallen,Västerås,Sweden,WC-1958,1958,1950,1932,10000,Multi-purpose,Existing,in use,NA,NA,https://en.wikipedia.org/wiki/Arosvallen,SWE,NA,NA,81.066,0.408224496999647,-0.20709017872691973,1975,25,26,68,94,Point(16.54104444 59.62044722),16.54104444,59.62044722,16.5461188760224,59.6155486745212,0.38252487585473466
S-210,S-210,Arosvallen,Västerås,Sweden,WC-1995,1995,1993,1932,10000,Multi-purpose,Existing,in use,NA,NA,https://en.wikipedia.org/wiki/Arosvallen,SWE,24389.8738124128,NA,86.835,0.38785237641291026,-0.20718286245610004,1993,0,63,31,94,Point(16.54104444 59.62044722),16.54104444,59.62044722,16.5461188760224,59.6155486745212,0.38252487585473466
S-211,S-211,St. Jakob Stadium,Basel,Switzerland,WC-1954,1954,1946,1954,55000,Single-purpose,New,in use,rebuilt 2001,NA,https://en.wikipedia.org/wiki/St._Jakob_Stadium,CHE,NA,NA,222.185,0.8208612777973879,-0.01515834516791137,1975,29,0,72,72,Point(7.62 47.541389),7.62,47.541389,7.59042531068906,47.5450845220097,1.404381463317588
S-212,S-212,Wankdorf Stadium,Bern,Switzerland,WC-1954,1954,1946,1954,65000,Single-purpose,New,in use,rebuilt 2005,NA,https://en.wikipedia.org/wiki/Wankdorf_Stadium,CHE,NA,NA,186.898,0.7799152841510766,-0.06315116407108337,1975,29,0,72,72,Point(7.465 46.962778),7.465,46.962778,7.44830655781065,46.9488223088713,1.2462125748103385
S-213,S-213,Charmilles Stadium,Geneva,Switzerland,WC-1954,1954,1946,1930,36000,Multi-purpose,Existing,not in use,demolished 2012,replaced by successor stadium,https://en.wikipedia.org/wiki/Charmilles_Stadium,CHE,NA,NA,220.138,0.8194493469819979,-0.01794241012936439,1975,29,24,72,96,Point(6.1182 46.2091),6.1182,46.2091,6.13719133822595,46.2013179602902,1.0565527334692495
S-214,S-214,Stade Olympique de la Pontaise,Lausanne,Switzerland,WC-1954,1954,1946,1954,50000,Multi-purpose,New,in use,NA,NA,https://en.wikipedia.org/wiki/Stade_Olympique_de_la_Pontaise,CHE,NA,NA,163.285,0.7421461348393928,-0.09526651626199222,1975,29,0,72,72,Point(6.625 46.534),6.625,46.534,6.61975027358376,46.5265509547973,0.572626270207793
S-215,S-215,Cornaredo Stadium,Lugano,Switzerland,WC-1954,1954,1946,1951,36000,Multi-purpose,New,in use,NA,NA,https://en.wikipedia.org/wiki/Cornaredo_Stadium,CHE,NA,NA,54.777,0.07571478997529121,-0.24284508042288397,1975,29,3,72,75,Point(8.961667 46.023611),8.961667,46.023611,8.95227996742613,46.0126979459527,0.8792799858894755
S-216,S-216,Hardturm Stadium,Zürich,Switzerland,WC-1954,1954,1946,1929,35000,Single-purpose,Existing,not in use,demolished 2008,replaced by successor stadium,https://en.wikipedia.org/wiki/Hardturm,CHE,NA,NA,246.287,0.8418637486763149,0.01762208165228449,1975,29,25,72,97,Point(8.504722 47.393056),8.504722,47.393056,8.53503966996854,47.38078336105,1.6542558090267296
S-217,S-217,Foxboro Stadium,Boston,United States,WC-1999,1999,1996,1971,59000,Multi-purpose,Existing,not in use,demolished 2002,replaced by successor stadium,https://en.wikipedia.org/wiki/Foxboro_Stadium,USA,29967.7127181749,NA,1385.131,0.970734126984127,1.1469212497652477,1996,0,28,27,55,Point(-71.267441666 42.0927),-71.267441666,42.0927,-71.0937500397077,42.3502483991464,19.91307349735588
S-218,S-218,Home Depot Center,Carson,United States,WC-2003,2003,2003,2003,28000,Multi-purpose,Existing,in use,NA,NA,https://en.wikipedia.org/wiki/Dignity_Health_Sports_Park,USA,39490.3023903176,NA,11324.694,0.9975067996373528,10.307857847006368,2003,0,0,23,23,Point(-118.261111111 33.864444444),-118.261111111,33.864444444,-118.116720299597,33.9842364485583,11.719315139360452
S-219,S-219,Soldier Field,Chicago,United States,WC-1994,1994,1988,1924,65000,Multi-purpose,Existing,in use,rebuilt 2003,NA,https://en.wikipedia.org/wiki/Soldier_Field,USA,21417.0119305191,NA,3448.685,0.9924321115892566,3.5766818727110374,1988,0,70,32,102,Point(-87.616666666 41.8625),-87.616666666,41.8625,-87.7074504792355,41.8726060313807,4.728310558109484
S-219,S-219,Soldier Field,Chicago,United States,WC-1999,1999,1996,1924,65000,Multi-purpose,Existing,in use,rebuilt 2003,NA,https://en.wikipedia.org/wiki/Soldier_Field,USA,29967.7127181749,NA,3641.935,0.992311507936508,3.491457972200765,1996,0,75,27,102,Point(-87.616666666 41.8625),-87.616666666,41.8625,-87.7074504792355,41.8726060313807,4.728310558109484
S-220,S-220,Columbus Crew Stadium,Columbus,United States,WC-2003,2003,2003,1999,23000,Single-purpose,Existing,in use,NA,NA,https://en.wikipedia.org/wiki/Mapfre_Stadium,USA,39490.3023903176,NA,268.597,0.8153898458748867,-0.03074413195353716,2003,0,4,23,27,Point(-82.991111111 40.009444444),-82.991111111,40.009444444,-82.9691092534267,40.0169421778295,1.2757803650219668
S-221,S-221,Cotton Bowl,Dallas,United States,WC-1994,1994,1988,1930,64000,Multi-purpose,Existing,in use,NA,NA,https://en.wikipedia.org/wiki/Cotton_Bowl_(stadium),USA,21417.0119305191,NA,321.18,0.8605134292921799,0.05770926129732553,1988,0,64,32,96,Point(-96.759722222 32.779722222),-96.759722222,32.779722222,-96.8098966500864,32.9110343791307,9.539514492800896
S-222,S-222,Giants Stadium,East Rutherford,United States,WC-1994,1994,1988,1976,76000,Multi-purpose,Existing,not in use,demolished 2010,replaced by successor stadium,https://en.wikipedia.org/wiki/Giants_Stadium,USA,21417.0119305191,NA,11967.62,0.998516100311619,13.161926002908649,1988,0,18,32,50,Point(-74.074433 40.813726),-74.074433,40.813726,-73.9326853899908,40.7378578900136,9.092258619997871
S-217,S-223,Foxboro Stadium,Foxborough,United States,WC-1994,1994,1988,1971,54000,Multi-purpose,Existing,not in use,demolished 2002,replaced by successor stadium,https://en.wikipedia.org/wiki/Foxboro_Stadium,USA,21417.0119305191,NA,1236.769,0.9672058168867784,1.0879018954615136,1988,0,23,32,55,Point(-71.267441666 42.0927),-71.267441666,42.0927,-71.0937500397077,42.3502483991464,19.91307349735588
S-224,S-224,Gillette Stadium,Foxborough,United States,WC-2003,2003,2003,2002,68000,Multi-purpose,Existing,in use,NA,NA,https://en.wikipedia.org/wiki/Gillette_Stadium,USA,39490.3023903176,NA,1490.294,0.9698549410698096,1.1116697797450832,2003,0,1,23,24,Point(-71.264344444 42.090944444),-71.264344444,42.090944444,-71.0937500397077,42.3502483991464,19.95184189200602
S-225,S-225,Rose Bowl,Los Angeles,United States,WC-1999,1999,1996,1922,96000,Multi-purpose,Existing,in use,NA,NA,https://en.wikipedia.org/wiki/Rose_Bowl_(stadium),USA,29967.7127181749,NA,10800.24,0.9977678571428572,10.928040388260724,1996,0,77,27,104,Point(-118.1676 34.1614),-118.1676,34.1614,-118.116720299597,33.9842364485583,12.596535101800862
S-222,S-226,Giants Stadium,New York City,United States,WC-1999,1999,1996,1976,78000,Multi-purpose,Existing,not in use,demolished 2010,replaced by successor stadium,https://en.wikipedia.org/wiki/Giants_Stadium,USA,29967.7127181749,NA,12636.447,0.9982638888888888,12.83562950166763,1996,0,23,27,50,Point(-74.074433 40.813726),-74.074433,40.813726,-73.9326853899908,40.7378578900136,9.092258619997871
S-227,S-227,Citrus Bowl,Orlando,United States,WC-1994,1994,1988,1936,62000,Multi-purpose,Existing,in use,NA,NA,https://en.wikipedia.org/wiki/Citrus_Bowl_(stadium),USA,21417.0119305191,NA,58.78,0.13537117903930132,-0.22302082047185476,2000,12,58,32,90,Point(-81.402777777 28.539166666),-81.402777777,28.539166666,-81.343761712021,28.5950969394566,5.274560256099554
S-225,S-228,Rose Bowl,Pasadena,United States,WC-1994,1994,1988,1922,94000,Multi-purpose,Existing,in use,NA,NA,https://en.wikipedia.org/wiki/Rose_Bowl_(stadium),USA,21417.0119305191,NA,9854.198,0.997328980560914,10.783968450687563,1988,0,72,32,104,Point(-118.1676 34.1614),-118.1676,34.1614,-118.116720299597,33.9842364485583,12.596535101800862
S-229,S-229,Lincoln Financial Field,Philadelphia,United States,WC-2003,2003,2003,2003,70000,Multi-purpose,Existing,in use,NA,NA,https://en.wikipedia.org/wiki/Lincoln_Financial_Field,USA,39490.3023903176,NA,2065.194,0.9790344514959202,1.6492611447361871,2003,0,0,23,23,Point(-75.16776 39.90089),-75.16776,39.90089,-75.1613453952768,39.9821528990068,5.631312357514365
S-230,S-230,Pontiac Silverdome,Pontiac,United States,WC-1994,1994,1988,1975,78000,Multi-purpose,Existing,not in use,demolished 2017,abandoned before demolition,https://en.wikipedia.org/wiki/Pontiac_Silverdome,USA,21417.0119305191,NA,950.673,0.9559281792550824,0.7659954594254346,1988,0,19,32,51,Point(-83.255 42.645833333),-83.255,42.645833333,-83.1542930265679,42.4156989883852,16.725813707915734
S-231,S-231,Civic Stadium,Portland,United States,WC-1999,1999,1996,1926,27000,Multi-purpose,Existing,in use,NA,NA,"https://en.wikipedia.org/wiki/Civic_Stadium_(Portland,_Oregon)",USA,29967.7127181749,NA,554.56,0.922123015873016,0.28406199832383255,1996,0,73,27,100,Point(-122.691666666 45.521388888),-122.691666666,45.521388888,-122.687628073461,45.5156839998783,0.44049024686226396
S-231,S-232,PGE Park,Portland,United States,WC-2003,2003,2003,1926,28000,Multi-purpose,Existing,in use,NA,NA,https://en.wikipedia.org/wiki/Providence_Park,USA,39490.3023903176,NA,797.957,0.9429963735267451,0.4642625909055528,2003,0,77,23,100,Point(-122.691666666 45.521388888),-122.691666666,45.521388888,-122.687628073461,45.5156839998783,0.44049024686226396
S-233,S-233,Stanford Stadium,San Fransisco,United States,WC-1999,1999,1996,1921,85000,Multi-purpose,Existing,in use,rebuilt 2006,NA,https://en.wikipedia.org/wiki/Stanford_Stadium,USA,29967.7127181749,NA,2760.657,0.9877232142857144,2.57592049811151,1996,0,78,27,105,Point(-122.161111111 37.434444444),-122.161111111,37.434444444,-122.625238949058,37.7908132131578,35.41739101418966
S-234,S-234,Spartan Stadium,San Jose,United States,WC-1999,1999,1996,1933,26000,Multi-purpose,Existing,in use,NA,NA,https://en.wikipedia.org/wiki/Spartan_Stadium_(San_Jose),USA,29967.7127181749,NA,2760.657,0.9877232142857144,2.57592049811151,1996,0,66,27,93,Point(-121.868333333 37.319722222),-121.868333333,37.319722222,-122.625238949058,37.7908132131578,52.768725680187416
S-233,S-235,Stanford Stadium,Stanford,United States,WC-1994,1994,1988,1921,84000,Multi-purpose,Existing,in use,rebuilt 2006,NA,https://en.wikipedia.org/wiki/Stanford_Stadium,USA,21417.0119305191,NA,2571.313,0.9884255824306276,2.589489833682716,1988,0,73,32,105,Point(-122.161111111 37.434444444),-122.161111111,37.434444444,-122.625238949058,37.7908132131578,35.41739101418966
S-236,S-236,Jack Kent Cooke Stadium,"Washington, D.C.",United States,WC-1999,1999,1996,1997,80000,Multi-purpose,New,in use,NA,NA,https://en.wikipedia.org/wiki/Jack_Kent_Cooke_Stadium,USA,29967.7127181749,NA,1619.831,0.9750744047619048,1.39074515682834,1996,0,2,27,29,Point(-76.864444444 38.907777777),-76.864444444,38.907777777,-77.0743377301391,38.9071419499321,11.297824424631216
S-237,S-237,RFK Stadium,"Washington, D.C.",United States,WC-1994,1994,1988,1961,53000,Multi-purpose,Existing,not in use,demolished 2023,abandoned before demolition,https://en.wikipedia.org/wiki/Robert_F._Kennedy_Memorial_Stadium,USA,21417.0119305191,NA,1354.572,0.9701736162635406,1.2204502145025282,1988,0,33,32,65,Point(-76.971944444 38.89),-76.971944444,38.89,-77.0743377301391,38.9071419499321,5.638212673193035
S-237,S-237,RFK Stadium,"Washington, D.C.",United States,WC-2003,2003,2003,1961,53000,Multi-purpose,Existing,not in use,demolished 2023,abandoned before demolition,https://en.wikipedia.org/wiki/Robert_F._Kennedy_Memorial_Stadium,USA,39490.3023903176,NA,2068.634,0.979374433363554,1.6524779029473011,2003,0,42,23,65,Point(-76.971944444 38.89),-76.971944444,38.89,-77.0743377301391,38.9071419499321,5.638212673193035
S-238,S-238,Estadio Centenario,Montevideo,Uruguay,WC-1930,1930,1929,1930,90000,Single-purpose,New,in use,NA,NA,https://en.wikipedia.org/wiki/Estadio_Centenario,URY,NA,NA,1353.187,0.9772326156018356,1.523084468478058,1975,46,0,96,96,Point(-56.152778 -34.894444),-56.152778,-34.894444,-56.1702779466172,-34.8666598115031,2.16324301163531
S-239,S-239,Estadio Gran Parque Central,Montevideo,Uruguay,WC-1930,1930,1929,1900,20000,Single-purpose,Existing,in use,NA,NA,https://en.wikipedia.org/wiki/Estadio_Gran_Parque_Central,URY,NA,NA,1353.187,0.9772326156018356,1.523084468478058,1975,46,30,96,126,Point(-56.159 -34.8845),-56.159,-34.8845,-56.1702779466172,-34.8666598115031,1.3901093042129815
S-240,S-240,Estadio Pocitos,Montevideo,Uruguay,WC-1930,1930,1929,1921,10000,Multi-purpose,Existing,not in use,demolished ~1940,urban redevelopment,https://en.wikipedia.org/wiki/Estadio_Pocitos,URY,NA,NA,1353.187,0.9772326156018356,1.523084468478058,1975,46,9,96,105,Point(-56.1562 -34.905053),-56.1562,-34.905053,-56.1702779466172,-34.8666598115031,2.7732217813125133
