venue_id,stadium_id,stadium_name,city_name,country_name,tournament_id,tournament_year,award_year,opened_year,stadium_capacity,design_purpose,newly_built,current_status,status_detail,not_in_use_reason,wikipedia_link,iso3c,gdp_per_capita,cpi_score,city_pop_thousands,city_pop_pct_rank,city_pop_z,city_pop_year_used,city_pop_year_gap
S-001,S-001,Estadio José Amalfitani,Buenos Aires,Argentina,WC-1978,1978,1966,1943,49000,Single-purpose,Existing,in use,NA,NA,https://en.wikipedia.org/wiki/José_Amalfitani_Stadium,ARG,1275.07843418966,NA,8560.9,0.9984115778326862,11.326084573758713,1975,9
S-002,S-002,Estadio Monumental,Buenos Aires,Argentina,WC-1978,1978,1966,1938,75000,Single-purpose,Existing,in use,NA,NA,https://en.wikipedia.org/wiki/Estadio_Monumental_Antonio_Vespucio_Liberti,ARG,1275.07843418966,NA,8560.9,0.9984115778326862,11.326084573758713,1975,9
S-003,S-003,Estadio Chateau Carreras,Córdoba,Argentina,WC-1978,1978,1966,1978,47000,Multi-purpose,New,in use,NA,NA,https://en.wikipedia.org/wiki/Estadio_Mario_Alberto_Kempes,ARG,1275.07843418966,NA,843.131,0.9579950582421461,0.8293721880780158,1975,9
S-004,S-004,Estadio José María Minella,Mar del Plata,Argentina,WC-1978,1978,1966,1978,44000,Multi-purpose,New,in use,NA,NA,https://en.wikipedia.org/wiki/Estadio_José_Mar%C3%ADa_Minella,ARG,1275.07843418966,NA,333.807,0.8886339569361101,0.13665547951567933,1975,9
S-005,S-005,Estadio Ciudad de Mendoza,Mendoza,Argentina,WC-1978,1978,1966,1978,35000,Multi-purpose,New,in use,NA,NA,https://en.wikipedia.org/wiki/Estadio_Malvinas_Argentinas,ARG,1275.07843418966,NA,467.728,0.9232262619131663,0.31879752333724803,1975,9
S-006,S-006,Estadio Gigante de Arroyito,Rosario,Argentina,WC-1978,1978,1966,1926,46000,Single-purpose,Existing,in use,NA,NA,https://en.wikipedia.org/wiki/Estadio_Gigante_de_Arroyito,ARG,1275.07843418966,NA,704.516,0.9474055771267208,0.6408459718436184,1975,9
S-007,S-007,Estádio Independência,Belo Horizonte,Brazil,WC-1950,1950,1946,1950,30000,Single-purpose,New,in use,NA,NA,https://en.wikipedia.org/wiki/Estádio_Independência,BRA,NA,NA,1292.068,0.9759971761383692,1.43995830024208,1975,29
S-008,S-008,Estádio Mineirão,Belo Horizonte,Brazil,WC-2014,2014,2007,1965,43000,Single-purpose,Existing,in use,NA,NA,https://en.wikipedia.org/wiki/Mineirão,BRA,7409.69130673473,NA,3715.23,0.9910290237467019,3.0701639880335723,2007,0
S-009,S-009,Estádio Nacional,Brasília,Brazil,WC-2014,2014,2007,2013,70000,Multi-purpose,New,in use,NA,NA,https://en.wikipedia.org/wiki/Estádio_Nacional_Mané_Garrincha,BRA,7409.69130673473,NA,1049.471,0.9584168865435356,0.6705572144776816,2007,0
S-010,S-010,Arena Pantanal,Cuiabá,Brazil,WC-2014,2014,2007,2014,41000,Multi-purpose,New,in use,NA,NA,https://en.wikipedia.org/wiki/Arena_Pantanal,BRA,7409.69130673473,NA,662.01,0.9296042216358839,0.3217807346500832,2007,0
S-011,S-011,Arena da Baixada,Curitiba,Brazil,WC-2014,2014,2007,1999,40000,Single-purpose,Existing,in use,NA,NA,https://en.wikipedia.org/wiki/Arena_da_Baixada,BRA,7409.69130673473,NA,2267.047,0.9808970976253298,1.7665691258766816,2007,0
S-012,S-012,Estádio Vila Capanema,Curitiba,Brazil,WC-1950,1950,1946,1947,10000,Single-purpose,New,in use,NA,NA,https://en.wikipedia.org/wiki/Estádio_Vila_Capanema,BRA,NA,NA,703.372,0.947229085774797,0.639290050829499,1975,29
S-013,S-013,Estádio Castelão,Fortaleza,Brazil,WC-2014,2014,2007,1973,63000,Single-purpose,Existing,in use,NA,NA,https://en.wikipedia.org/wiki/Castelão_(Ceará),BRA,7409.69130673473,NA,2834.858,0.9860686015831135,2.2776892690327375,2007,0
S-014,S-014,Arena da Amazônia,Manaus,Brazil,WC-2014,2014,2007,2014,41000,Single-purpose,New,in use,NA,NA,https://en.wikipedia.org/wiki/Arena_da_Amazônia,BRA,7409.69130673473,NA,1619.93,0.9720316622691293,1.1840609784848255,2007,0
S-015,S-015,Arena das Dunas,Natal,Brazil,WC-2014,2014,2007,2014,40000,Single-purpose,New,in use,NA,NA,https://en.wikipedia.org/wiki/Arena_das_Dunas,BRA,7409.69130673473,NA,874.833,0.9477572559366755,0.5133552589669795,2007,0
S-016,S-016,Estádio Beira-Rio,Porto Alegre,Brazil,WC-2014,2014,2007,1969,43000,Single-purpose,Existing,in use,NA,NA,https://en.wikipedia.org/wiki/Estádio_Beira-Rio,BRA,7409.69130673473,NA,1706.867,0.9741424802110817,1.2623180955282747,2007,0
S-017,S-017,Estádio dos Eucaliptos,Porto Alegre,Brazil,WC-1950,1950,1946,1931,20000,Single-purpose,Existing,not in use,demolished 2012,abandoned before demolition,https://en.wikipedia.org/wiki/Estádio_dos_Eucaliptos,BRA,NA,NA,797.254,0.9546417225555948,0.7669762192277079,1975,29
S-018,S-018,Arena Pernambuco,Recife,Brazil,WC-2014,2014,2007,2013,43000,Multi-purpose,New,in use,NA,NA,https://en.wikipedia.org/wiki/Arena_Pernambuco,BRA,7409.69130673473,NA,3176.707,0.9883905013192612,2.5854076996685555,2007,0
S-019,S-019,Estádio Ilha do Retiro,Recife,Brazil,WC-1950,1950,1946,1937,30000,Single-purpose,Existing,in use,NA,NA,https://en.wikipedia.org/wiki/Estádio_Ilha_do_Retiro,BRA,NA,NA,1793.038,0.9846452523826332,2.121312977203059,1975,29
S-020,S-020,Estádio do Maracanã,Rio de Janeiro,Brazil,WC-1950,1950,1946,1950,200000,Single-purpose,New,in use,NA,NA,https://en.wikipedia.org/wiki/Maracanã_Stadium,BRA,NA,NA,5880.669,0.9964701729615248,7.68078060907859,1975,29
S-020,S-020,Estádio do Maracanã,Rio de Janeiro,Brazil,WC-2014,2014,2007,1950,200000,Single-purpose,Existing,in use,NA,NA,https://en.wikipedia.org/wiki/Maracanã_Stadium,BRA,7409.69130673473,NA,8819.242,0.9967282321899736,7.664585977234602,2007,0
S-021,S-021,Arena Fonte Nova,Salvador,Brazil,WC-2014,2014,2007,2013,52000,Single-purpose,New,in use,NA,NA,https://en.wikipedia.org/wiki/Arena_Fonte_Nova,BRA,7409.69130673473,NA,2776.686,0.9855408970976254,2.2253252236590586,2007,0
S-022,S-022,Arena Corinthians,São Paulo,Brazil,WC-2014,2014,2007,2014,63000,Single-purpose,New,in use,NA,NA,https://en.wikipedia.org/wiki/Arena_Corinthians,BRA,7409.69130673473,NA,17722.396,0.9986279683377308,15.678839570455601,2007,0
S-023,S-023,Estádio do Pacaembu,São Paulo,Brazil,WC-1950,1950,1946,1940,60000,Single-purpose,Existing,in use,NA,NA,https://en.wikipedia.org/wiki/Pacaembu_Stadium,BRA,NA,NA,10536.121,0.9989410518884575,14.012525012071471,1975,29
S-024,S-024,Commonwealth Stadium,Edmonton,Canada,WC-2015,2015,2011,1978,56000,Multi-purpose,Existing,in use,NA,NA,https://en.wikipedia.org/wiki/Commonwealth_Stadium_(Edmonton),CAN,52224.1237767406,NA,681.347,0.9317375886524822,0.3242530353276333,2011,0
S-025,S-025,Moncton Stadium,Moncton,Canada,WC-2015,2015,2011,2010,13000,Multi-purpose,Existing,in use,NA,NA,https://en.wikipedia.org/wiki/Moncton_Stadium,CAN,52224.1237767406,NA,NA,NA,NA,NA,NA
S-026,S-026,Olympic Stadium,Montreal,Canada,WC-2015,2015,2011,1976,56000,Multi-purpose,Existing,in use,NA,NA,https://en.wikipedia.org/wiki/Olympic_Stadium_(Montreal),CAN,52224.1237767406,NA,2429.778,0.9815799842395587,1.841113863722651,2011,0
S-027,S-027,TD Place Stadium,Ottawa,Canada,WC-2015,2015,2011,1908,24000,Multi-purpose,Existing,in use,NA,NA,https://en.wikipedia.org/wiki/TD_Place_Stadium,CAN,52224.1237767406,NA,525.176,0.9086879432624113,0.1887660344501161,2011,0
S-028,S-028,BC Place,Vancouver,Canada,WC-2015,2015,2011,1983,54000,Multi-purpose,Existing,in use,NA,NA,https://en.wikipedia.org/wiki/BC_Place,CAN,52224.1237767406,NA,1447.119,0.9692671394799054,0.9886027009888516,2011,0
S-029,S-029,Investors Group Field,Winnipeg,Canada,WC-2015,2015,2011,2013,33000,Multi-purpose,New,in use,NA,NA,https://en.wikipedia.org/wiki/Investors_Group_Field,CAN,52224.1237767406,NA,558.191,0.9144011032308904,0.21740837735610524,2011,0
S-030,S-030,Estadio Carlos Dittborn,Arica,Chile,WC-1962,1962,1956,1962,18000,Multi-purpose,New,in use,NA,NA,https://en.wikipedia.org/wiki/Estadio_Carlos_Dittborn,CHL,NA,NA,76.752,0.3743381574302859,-0.21295752422946412,1975,19
S-031,S-031,Estadio El Teniente,Rancagua,Chile,WC-1962,1962,1956,1947,18000,Multi-purpose,Existing,in use,NA,NA,https://en.wikipedia.org/wiki/Estadio_El_Teniente,CHL,NA,NA,88.323,0.468937522061419,-0.19722014481130443,1975,19
S-032,S-032,Estadio Nacional,Santiago,Chile,WC-1962,1962,1956,1938,67000,Single-purpose,Existing,in use,NA,NA,https://en.wikipedia.org/wiki/Estadio_Nacional_Julio_Mart%C3%ADnez_Prádanos,CHL,NA,NA,2834.965,0.9917049064595835,3.5384074828659173,1975,19
S-033,S-033,Estadio Sausalito,Viña del Mar,Chile,WC-1962,1962,1956,1929,18000,Multi-purpose,Existing,in use,NA,NA,https://en.wikipedia.org/wiki/Estadio_Sausalito,CHL,NA,NA,556.334,0.9350511824920579,0.4393079581074029,1975,19
S-034,S-034,Chengdu Sports Center,Chengdu,China,WC-2007,2007,2003,1991,40000,Multi-purpose,Existing,in use,NA,NA,https://en.wikipedia.org/wiki/Chengdu_Sports_Centre,CHN,1306.97245408557,NA,6004.029,0.9952402538531279,5.332482025106226,2003,0
S-035,S-035,New Plaza Stadium,Foshan,China,WC-1991,1991,1988,1991,14000,Multi-purpose,New,not in use,demolished 2007,urban redevelopment,https://en.wikipedia.org/wiki/New_Plaza_Stadium,CHN,284.023573149686,NA,3580,0.9928772814957709,3.7244334793328626,1988,0
S-037,S-037,Guangdong Provincial Stadium,Guangzhou,China,WC-1991,1991,1988,1932,25000,Multi-purpose,Existing,in use,NA,NA,https://en.wikipedia.org/wiki/Guangdong_Provincial_People's_Stadium,CHN,284.023573149686,NA,3580,0.9928772814957709,3.7244334793328626,1988,0
S-039,S-039,Tianhe Stadium,Guangzhou,China,WC-1991,1991,1988,1987,60000,Multi-purpose,Existing,in use,NA,NA,https://en.wikipedia.org/wiki/Tianhe_Stadium,CHN,284.023573149686,NA,3580,0.9928772814957709,3.7244334793328626,1988,0
S-040,S-040,Ying Tung Stadium,Guangzhou,China,WC-1991,1991,1988,1988,15000,Multi-purpose,Existing,in use,NA,NA,https://en.wikipedia.org/wiki/Henry_Fok_Stadium,CHN,284.023573149686,NA,3580,0.9928772814957709,3.7244334793328626,1988,0
S-041,S-041,Yellow Dragon Sports Center,Hangzhou,China,WC-2007,2007,2003,2000,51000,Multi-purpose,Existing,in use,NA,NA,https://en.wikipedia.org/wiki/Yellow_Dragon_Sports_Center,CHN,1306.97245408557,NA,5459.276,0.9946736174070716,4.8230812443565325,2003,0
S-042,S-042,Jiangmen Stadium,Jiangmen,China,WC-1991,1991,1988,NA,13000,Multi-purpose,Existing,in use,NA,NA,https://en.wikipedia.org/wiki/Jiangmen_Stadium,CHN,284.023573149686,NA,3580,0.9928772814957709,3.7244334793328626,1988,0
S-043,S-043,Hongkou Football Stadium,Shanghai,China,WC-2007,2007,2003,1999,33000,Single-purpose,Existing,in use,NA,NA,https://en.wikipedia.org/wiki/Hongkou_Football_Stadium,CHN,1306.97245408557,NA,15880.487,0.9984134179510427,14.567998701914902,2003,0
S-044,S-044,Tianjin Olympic Center,Tianjin,China,WC-2007,2007,2003,2007,60000,Multi-purpose,New,in use,NA,NA,https://en.wikipedia.org/wiki/Tianjin_Olympic_Center,CHN,1306.97245408557,NA,4720.436,0.9939936536718041,4.132188908106702,2003,0
S-045,S-045,Wuhan Sports Center,Wuhan,China,WC-2007,2007,2003,2002,60000,Multi-purpose,Existing,in use,NA,NA,https://en.wikipedia.org/wiki/Wuhan_Sports_Center,CHN,1306.97245408557,NA,5973.493,0.9950135992747053,5.303927685357803,2003,0
S-046,S-046,Zhongshan Stadium,Zhongshan,China,WC-1991,1991,1988,1991,12000,Multi-purpose,New,in use,NA,NA,https://en.wikipedia.org/wiki/Zhongshan_Sports_Center_Stadium,CHN,284.023573149686,NA,210.114,0.7790473364000594,-0.06725879216998318,1988,0
S-047,S-047,Villa Park,Birmingham,England,WC-1966,1966,1960,1897,52000,Single-purpose,Existing,in use,NA,NA,https://en.wikipedia.org/wiki/Villa_Park,GBR,1397.5948032844,NA,2250.104,0.9892340275326509,2.742955105034759,1975,15
S-048,S-048,Goodison Park,Liverpool,England,WC-1966,1966,1960,1892,50000,Single-purpose,Existing,in use,NA,NA,https://en.wikipedia.org/wiki/Goodison_Park,GBR,1397.5948032844,NA,1410.598,0.9779385810095306,1.6011674941263139,1975,15
S-049,S-049,Wembley Stadium,London,England,WC-1966,1966,1960,1923,99000,Single-purpose,Existing,in use,rebuilt 2007,NA,https://en.wikipedia.org/wiki/Wembley_Stadium_(1923),GBR,1397.5948032844,NA,7369.842,0.9968231556653724,9.706161347154746,1975,15
S-050,S-050,White City Stadium,London,England,WC-1966,1966,1960,1908,77000,Multi-purpose,Existing,not in use,demolished 1985,urban redevelopment,https://en.wikipedia.org/wiki/White_City_Stadium,GBR,1397.5948032844,NA,7369.842,0.9968231556653724,9.706161347154746,1975,15
S-051,S-051,Old Trafford,Manchester,England,WC-1966,1966,1960,1910,58000,Single-purpose,Existing,in use,NA,NA,https://en.wikipedia.org/wiki/Old_Trafford,GBR,1397.5948032844,NA,2174.141,0.9887045534768797,2.639640045598093,1975,15
S-052,S-052,Ayresome Park,Middlesbrough,England,WC-1966,1966,1960,1903,40000,Single-purpose,Existing,not in use,demolished 1997,replaced by successor stadium,https://en.wikipedia.org/wiki/Ayresome_Park,GBR,1397.5948032844,NA,291.619,0.8720437698552771,0.07927681190757947,1975,15
S-053,S-053,Hillsborough Stadium,Sheffield,England,WC-1966,1966,1960,1899,43000,Single-purpose,Existing,in use,NA,NA,https://en.wikipedia.org/wiki/Hillsborough_Stadium,GBR,1397.5948032844,NA,438.851,0.9181080127073773,0.2795227583680838,1975,15
S-054,S-054,Roker Park,Sunderland,England,WC-1966,1966,1960,1898,40000,Single-purpose,Existing,not in use,demolished 1998,replaced by successor stadium,https://en.wikipedia.org/wiki/Roker_Park,GBR,1397.5948032844,NA,89.588,0.47758559830568303,-0.19549965522838397,1975,15
S-055,S-055,Stade du Fort Carré,Antibes,France,WC-1938,1938,1936,1935,7000,Multi-purpose,Existing,in use,NA,NA,https://en.wikipedia.org/wiki/Stade_du_Fort_Carré,FRA,NA,NA,350.787,0.8946346629015178,0.15974948198049238,1975,39
S-056,S-056,Stade du Parc Lescure,Bordeaux,France,WC-1938,1938,1936,1938,35000,Multi-purpose,New,in use,NA,NA,https://en.wikipedia.org/wiki/Stade_Chaban-Delmas,FRA,NA,NA,432.66,0.9165195905400635,0.2711025599428979,1975,39
S-056,S-056,Stade du Parc Lescure,Bordeaux,France,WC-1998,1998,1992,1938,35000,Multi-purpose,Existing,in use,NA,NA,https://en.wikipedia.org/wiki/Stade_Chaban-Delmas,FRA,23615.0168565483,NA,486.841,0.9127059784829089,0.2275054211395878,1992,0
S-057,S-057,Stade des Alpes,Grenoble,France,WC-2019,2019,2015,2008,18000,Multi-purpose,Existing,in use,NA,NA,https://en.wikipedia.org/wiki/Stade_des_Alpes,FRA,36702.4323733379,70,351.822,0.8637239607231348,0.03567755852211184,2015,0
S-058,S-058,Stade Jules Deschaseaux,Le Havre,France,WC-1938,1938,1936,1932,22000,Multi-purpose,Existing,in use,NA,NA,https://en.wikipedia.org/wiki/Stade_Jules_Deschaseaux,FRA,NA,NA,241.698,0.8379809389339923,0.01138071667519219,1975,39
S-059,S-059,Stade Océane,Le Havre,France,WC-2019,2019,2015,2012,24000,Multi-purpose,Existing,in use,NA,NA,https://en.wikipedia.org/wiki/Stade_Océane,FRA,36702.4323733379,70,179.414,0.7200146829402588,-0.10938426455419652,2015,0
S-060,S-060,Stade Félix-Bollaert,Lens,France,WC-1998,1998,1992,1933,41000,Single-purpose,Existing,in use,NA,NA,https://en.wikipedia.org/wiki/Stade_Bollaert-Delelis,FRA,23615.0168565483,NA,198.074,0.7592264741931091,-0.0843075099904536,1992,0
S-061,S-061,Stade Victor Boucquey,Lille,France,WC-1938,1938,1936,1902,15000,Single-purpose,Existing,not in use,demolished 1975,replaced by successor stadium,https://en.wikipedia.org/wiki/Stade_Henri-Jooris,FRA,NA,NA,809.558,0.9553476879632898,0.7837105305543898,1975,39
S-062,S-062,Parc Olympique Lyonnais,Lyon,France,WC-2019,2019,2015,2016,58000,Single-purpose,New,in use,NA,NA,https://en.wikipedia.org/wiki/Parc_Olympique_Lyonnais,FRA,36702.4323733379,70,1147.653,0.9616408185739195,0.7052792923200885,2015,0
S-063,S-063,Stade de Gerland,Lyon,France,WC-1998,1998,1992,1926,44000,Multi-purpose,Existing,in use,NA,NA,https://en.wikipedia.org/wiki/Stade_de_Gerland,FRA,23615.0168565483,NA,968.012,0.9565572654228517,0.7470777402923064,1992,0
S-064,S-064,Stade Vélodrome,Marseille,France,WC-1938,1938,1936,1937,60000,Multi-purpose,New,in use,NA,NA,https://en.wikipedia.org/wiki/Stade_Vélodrome,FRA,NA,NA,700.86,0.9465231203671021,0.6358735529383559,1975,39
S-064,S-064,Stade Vélodrome,Marseille,France,WC-1998,1998,1992,1937,60000,Multi-purpose,Existing,in use,NA,NA,https://en.wikipedia.org/wiki/Stade_Vélodrome,FRA,23615.0168565483,NA,802.057,0.9481138499250987,0.5678781953800208,1992,0
S-065,S-065,Stade de la Mosson,Montpellier,France,WC-1998,1998,1992,1972,34000,Single-purpose,Existing,in use,NA,NA,https://en.wikipedia.org/wiki/Stade_de_la_Mosson,FRA,23615.0168565483,NA,207.625,0.771755413318807,-0.07399426330636912,1992,0
S-065,S-065,Stade de la Mosson,Montpellier,France,WC-2019,2019,2015,1972,34000,Single-purpose,Existing,in use,NA,NA,https://en.wikipedia.org/wiki/Stade_de_la_Mosson,FRA,36702.4323733379,70,305.122,0.8422501605946591,-0.0036152071132623804,2015,0
S-066,S-066,Stade de la Beaujoire,Nantes,France,WC-1998,1998,1992,1984,40000,Single-purpose,Existing,in use,NA,NA,https://en.wikipedia.org/wiki/Stade_de_la_Beaujoire,FRA,23615.0168565483,NA,373.017,0.87920468473376,0.10459734967385302,1992,0
S-067,S-067,Allianz Riviera,Nice,France,WC-2019,2019,2015,2013,35000,Multi-purpose,Existing,in use,NA,NA,https://en.wikipedia.org/wiki/Allianz_Riviera,FRA,36702.4323733379,70,427.898,0.88822611727998535,0.09968690409977202,2015,0
S-068,S-068,Parc des Princes,Paris,France,WC-1938,1938,1936,1897,49000,Multi-purpose,Existing,in use,rebuilt 1972,NA,https://en.wikipedia.org/wiki/Parc_des_Princes,FRA,NA,NA,7423.859,0.9969996470172962,9.779628292451674,1975,39
S-068,S-068,Parc des Princes,Paris,France,WC-1998,1998,1992,1972,49000,Single-purpose,Existing,in use,NA,NA,https://en.wikipedia.org/wiki/Parc_des_Princes,FRA,23615.0168565483,NA,8124.42,0.997003949339507,8.474624706678622,1992,0
S-068,S-068,Parc des Princes,Paris,France,WC-2019,2019,2015,1972,49000,Single-purpose,Existing,in use,NA,NA,https://en.wikipedia.org/wiki/Parc_des_Princes,FRA,36702.4323733379,70,9271.626,0.9967881068183904,7.540683299110412,2015,0
S-069,S-069,Stade Olympique de Colombes,Paris,France,WC-1938,1938,1936,1907,60000,Multi-purpose,Existing,in use,NA,NA,https://en.wikipedia.org/wiki/Stade_Olympique_Yves-du-Manoir,FRA,NA,NA,7423.859,0.9969996470172962,9.779628292451674,1975,39
S-070,S-070,Stade Auguste-Delaune,Reims,France,WC-2019,2019,2015,1935,21000,Multi-purpose,Existing,in use,NA,NA,https://en.wikipedia.org/wiki/Stade_Auguste-Delaune,FRA,36702.4323733379,70,185.841,0.7295585941084702,-0.10397667130497701,2015,0
S-070,S-071,Vélodrome Municipal,Reims,France,WC-1938,1938,1936,1935,22000,Multi-purpose,Existing,in use,NA,NA,https://en.wikipedia.org/wiki/Stade_Auguste_Delaune,FRA,NA,NA,183.568,0.774620543593364,-0.06768019989015447,1975,39
S-072,S-072,Roazhon Park,Rennes,France,WC-2019,2019,2015,1912,29000,Single-purpose,Existing,in use,NA,NA,https://en.wikipedia.org/wiki/Roazhon_Park,FRA,36702.4323733379,70,233.81,0.7904927961824355,-0.06361618576400772,2015,0
S-073,S-073,Stade de France,Saint-Denis,France,WC-1998,1998,1992,1998,80000,Multi-purpose,New,in use,NA,NA,https://en.wikipedia.org/wiki/Stade_de_France,FRA,23615.0168565483,NA,8124.42,0.997003949339507,8.474624706678622,1992,0
S-074,S-074,Stade Geoffroy-Guichard,Saint-Étienne,France,WC-1998,1998,1992,1931,36000,Multi-purpose,Existing,in use,NA,NA,https://en.wikipedia.org/wiki/Stade_Geoffroy-Guichard,FRA,23615.0168565483,NA,224.408,0.7936810567887784,-0.055871844805794324,1992,0
S-075,S-075,Stade de la Meinau,Strasbourg,France,WC-1938,1938,1936,1914,30000,Single-purpose,Existing,in use,NA,NA,https://en.wikipedia.org/wiki/Stade_de_la_Meinau,FRA,NA,NA,325.62,0.8856336039534063,0.12552057974068373,1975,39
S-076,S-076,Stade de Toulouse,Toulouse,France,WC-1998,1998,1992,1937,37000,Multi-purpose,Existing,in use,NA,NA,https://en.wikipedia.org/wiki/Stadium_Municipal,FRA,23615.0168565483,NA,369.505,0.8782513958872395,0.1008050638027919,1992,0
S-077,S-077,Stade du T.O.E.C.,Toulouse,France,WC-1938,1938,1936,1908,15000,Multi-purpose,Existing,not in use,demolished 1965,urban redevelopment,https://en.wikipedia.org/wiki/Stade_Chapou,FRA,NA,NA,257.937,0.8519237557359689,0.033466906664950745,1975,39
S-078,S-078,Stade du Hainaut,Valenciennes,France,WC-2019,2019,2015,2011,23000,Multi-purpose,Existing,in use,NA,NA,https://en.wikipedia.org/wiki/Stade_du_Hainaut,FRA,36702.4323733379,70,101.46,0.4900431311370102,-0.17497373462571605,2015,0
S-079,S-079,Impuls Arena,Augsburg,Germany,WC-2011,2011,2007,2009,25000,Single-purpose,New,in use,NA,NA,https://en.wikipedia.org/wiki/Impuls_Arena,DEU,42350.9217211489,NA,289.395,0.8312401055408971,-0.01363198567779646,2007,0
S-080,S-080,Olympiastadion,Berlin,Germany,WC-1974,1974,1966,1936,86000,Multi-purpose,Existing,in use,NA,NA,https://en.wikipedia.org/wiki/Olympiastadion_(Berlin),DEU,1870.80540291774,NA,3025.918,0.9929403459230498,3.7981170854962745,1975,9
S-080,S-080,Olympiastadion,Berlin,Germany,WC-2006,2006,2000,1936,86000,Multi-purpose,Existing,in use,NA,NA,https://en.wikipedia.org/wiki/Olympiastadion_(Berlin),DEU,23925.8559901991,NA,3328.134,0.9907065278244318,3.0231519992287152,2000,0
S-080,S-080,Olympiastadion,Berlin,Germany,WC-2011,2011,2007,1936,86000,Multi-purpose,Existing,in use,NA,NA,https://en.wikipedia.org/wiki/Olympiastadion_(Berlin),DEU,42350.9217211489,NA,3300.99,0.988707124010554,2.6972821521745196,2007,0
S-081,S-081,Ruhrstadion,Bochum,Germany,WC-2011,2011,2007,1911,21000,Single-purpose,Existing,in use,NA,NA,https://en.wikipedia.org/wiki/Ruhrstadion,DEU,42350.9217211489,NA,2624.551,0.9842744063324538,2.0883795445879474,2007,0
S-082,S-082,RheinEnergieStadion,Cologne,Germany,WC-2006,2006,2000,2004,45000,Single-purpose,New,in use,NA,NA,https://en.wikipedia.org/wiki/RheinEnergieStadion,DEU,23925.8559901991,NA,949.868,0.9564438472735416,0.6617489675539576,2000,0
S-083,S-083,Westfalenstadion,Dortmund,Germany,WC-1974,1974,1966,1974,65000,Single-purpose,New,in use,NA,NA,https://en.wikipedia.org/wiki/Westfalenstadion,DEU,1870.80540291774,NA,752.653,0.950935404165196,0.706315700739302,1975,9
S-083,S-083,Westfalenstadion,Dortmund,Germany,WC-2006,2006,2000,1974,65000,Single-purpose,Existing,in use,NA,NA,https://en.wikipedia.org/wiki/Westfalenstadion,DEU,23925.8559901991,NA,714.411,0.9404322024409361,0.42796146286396763,2000,0
S-084,S-084,Rudolf-Harbig-Stadion,Dresden,Germany,WC-2011,2011,2007,2009,26000,Single-purpose,New,in use,NA,NA,https://en.wikipedia.org/wiki/Rudolf-Harbig-Stadion,DEU,42350.9217211489,NA,488.02,0.9006860158311346,0.16516208212710967,2007,0
S-085,S-085,Rheinstadion,Düsseldorf,Germany,WC-1974,1974,1966,1925,70000,Multi-purpose,Existing,in use,rebuilt 2004,NA,https://en.wikipedia.org/wiki/Rheinstadion,DEU,1870.80540291774,NA,745.976,0.9504059301094246,0.6972345078972787,1975,9
S-086,S-086,Waldstadion,Frankfurt,Germany,WC-1974,1974,1966,1974,62000,Multi-purpose,New,in use,rebuilt 2005,NA,https://en.wikipedia.org/wiki/Waldstadion_(Frankfurt),DEU,1870.80540291774,NA,678.148,0.9445817154959407,0.6049836245531477,1975,9
S-086,S-086,Waldstadion,Frankfurt,Germany,WC-2006,2006,2000,2005,62000,Single-purpose,New,in use,NA,NA,https://en.wikipedia.org/wiki/Waldstadion_(Frankfurt),DEU,23925.8559901991,NA,706.882,0.9398723547195162,0.4204858468372157,2000,0
S-086,S-086,Waldstadion,Frankfurt,Germany,WC-2011,2011,2007,2005,62000,Single-purpose,Existing,in use,NA,NA,https://en.wikipedia.org/wiki/Waldstadion_(Frankfurt),DEU,42350.9217211489,NA,730.71,0.9382585751978891,0.3836216532564875,2007,0
S-087,S-087,Arena AufShalke,Gelsenkirchen,Germany,WC-2006,2006,2000,2001,52000,Single-purpose,New,in use,NA,NA,https://en.wikipedia.org/wiki/Arena_AufSchalke,DEU,23925.8559901991,NA,2709.378,0.9867875937744933,2.4087832556706164,2000,0
S-088,S-088,Parkstadion,Gelsenkirchen,Germany,WC-1974,1974,1966,1973,72000,Multi-purpose,New,in use,rebuilt 2020,NA,https://en.wikipedia.org/wiki/Parkstadion,DEU,1870.80540291774,NA,2851.143,0.9918813978115072,3.560410708535867,1975,9
S-089,S-089,Volksparkstadion,Hamburg,Germany,WC-1974,1974,1966,1953,61000,Single-purpose,Existing,in use,NA,NA,https://en.wikipedia.org/wiki/Volksparkstadion,DEU,1870.80540291774,NA,1623.382,0.9823508648076245,1.8905688027525094,1975,9
S-089,S-089,Volksparkstadion,Hamburg,Germany,WC-2006,2006,2000,1953,61000,Single-purpose,Existing,in use,NA,NA,https://en.wikipedia.org/wiki/Volksparkstadion,DEU,23925.8559901991,NA,1565.144,0.9735751875489866,1.2726623858665929,2000,0
S-090,S-090,Niedersachsenstadion,Hanover,Germany,WC-1974,1974,1966,1954,60000,Multi-purpose,Existing,in use,NA,NA,https://en.wikipedia.org/wiki/Niedersachsenstadion,DEU,1870.80540291774,NA,620.256,0.9417578538651606,0.526246404842137,1975,9
S-090,S-090,Niedersachsenstadion,Hanover,Germany,WC-2006,2006,2000,1954,60000,Single-purpose,Existing,in use,NA,NA,https://en.wikipedia.org/wiki/Niedersachsenstadion,DEU,23925.8559901991,NA,579.89,0.9254282835068861,0.2943942768452801,2000,0
S-091,S-091,Fritz-Walter-Stadion,Kaiserslautern,Germany,WC-2006,2006,2000,1920,46000,Single-purpose,Existing,in use,NA,NA,https://en.wikipedia.org/wiki/Fritz-Walter-Stadion,DEU,23925.8559901991,NA,66.199,0.23256074347777406,-0.21565442449596514,2000,0
S-092,S-092,Zentralstadion,Leipzig,Germany,WC-2006,2006,2000,2004,43000,Single-purpose,New,in use,NA,NA,https://en.wikipedia.org/wiki/Red_Bull_Arena_(Leipzig),DEU,23925.8559901991,NA,447.209,0.8994513492330086,0.16265404440465378,2000,0
S-093,S-093,BayArena,Leverkusen,Germany,WC-2011,2011,2007,1958,30000,Single-purpose,Existing,in use,NA,NA,https://en.wikipedia.org/wiki/BayArena,DEU,42350.9217211489,NA,975.854,0.9547229551451187,0.6042902144042076,2007,0
S-094,S-094,Borussia-Park,Mönchengladbach,Germany,WC-2011,2011,2007,2004,46000,Single-purpose,Existing,in use,NA,NA,https://en.wikipedia.org/wiki/Borussia-Park,DEU,42350.9217211489,NA,210.511,0.7622163588390501,-0.08464012284442811,2007,0
S-095,S-095,Allianz Arena,Munich,Germany,WC-2006,2006,2000,2005,66000,Single-purpose,New,in use,NA,NA,https://en.wikipedia.org/wiki/Allianz_Arena,DEU,23925.8559901991,NA,1271.276,0.9674168626133691,0.9808780412591362,2000,0
S-096,S-096,Olympiastadion,Munich,Germany,WC-1974,1974,1966,1972,78000,Multi-purpose,New,in use,NA,NA,https://en.wikipedia.org/wiki/Olympiastadion_(Munich),DEU,1870.80540291774,NA,1376.229,0.9774091069537593,1.5544232202327242,1975,9
S-097,S-097,Frankenstadion,Nuremberg,Germany,WC-2006,2006,2000,1928,41000,Multi-purpose,Existing,in use,NA,NA,https://en.wikipedia.org/wiki/Nuremberg,DEU,23925.8559901991,NA,567.746,0.923412831709775,0.2823363832300754,2000,0
S-098,S-098,Rhein-Neckar-Arena,Sinsheim,Germany,WC-2011,2011,2007,2009,30000,Multi-purpose,New,in use,NA,NA,https://en.wikipedia.org/wiki/Rhein-Neckar-Arena,DEU,42350.9217211489,NA,NA,NA,NA,NA,NA
S-099,S-099,Neckarstadion,Stuttgart,Germany,WC-1974,1974,1966,1929,72000,Multi-purpose,Existing,in use,NA,NA,https://en.wikipedia.org/wiki/Mercedes-Benz_Arena_(Stuttgart),DEU,1870.80540291774,NA,773.913,0.9534062830921285,0.7352308062988973,1975,9
S-099,S-099,Neckarstadion,Stuttgart,Germany,WC-2006,2006,2000,1929,72000,Multi-purpose,Existing,in use,NA,NA,https://en.wikipedia.org/wiki/Mercedes-Benz_Arena_(Stuttgart),DEU,23925.8559901991,NA,787.622,0.9462546187437018,0.5006533641701885,2000,0
S-100,S-100,Volkswagen Arena,Wolfsburg,Germany,WC-2011,2011,2007,2002,26000,Single-purpose,Existing,in use,NA,NA,https://en.wikipedia.org/wiki/Volkswagen_Arena,DEU,42350.9217211489,NA,71.928,0.28641077918624236,-0.19737361724234426,2020,13
S-101,S-101,Stadio San Nicola,Bari,Italy,WC-1990,1990,1984,1990,51000,Multi-purpose,New,in use,NA,NA,https://en.wikipedia.org/wiki/Stadio_San_Nicola,ITA,7757.55374836822,NA,248.704,0.8173560421735604,-0.019038959023262983,1984,0
S-102,S-102,Stadio Renato Dall'Ara,Bologna,Italy,WC-1934,1934,1932,1927,50000,Multi-purpose,Existing,in use,NA,NA,https://en.wikipedia.org/wiki/Stadio_Renato_Dall%27Ara,ITA,NA,NA,447.707,0.9202259089304624,0.2915675455193432,1975,43
S-102,S-102,Stadio Renato Dall'Ara,Bologna,Italy,WC-1990,1990,1984,1927,50000,Multi-purpose,Existing,in use,NA,NA,https://en.wikipedia.org/wiki/Stadio_Renato_Dall%27Ara,ITA,7757.55374836822,NA,444.427,0.9059205190592052,0.2104652501663155,1984,0
S-103,S-103,Stadio Sant'Elia,Cagliari,Italy,WC-1990,1990,1984,1970,35000,Single-purpose,Existing,not in use,demolished 2017,replaced by successor stadium,https://en.wikipedia.org/wiki/Stadio_Sant%27Elia,ITA,7757.55374836822,NA,264.013,0.8290348742903487,-0.0010876710372661933,1984,0
S-104,S-104,Stadio Comunale,Florence,Italy,WC-1990,1990,1984,1931,39000,Single-purpose,Existing,in use,NA,NA,https://en.wikipedia.org/wiki/Stadio_Artemio_Franchi,ITA,7757.55374836822,NA,433.663,0.902676399026764,0.19784341569761932,1984,0
S-105,S-105,Stadio Giovanni Berta,Florence,Italy,WC-1934,1934,1932,1931,47000,Single-purpose,Existing,in use,NA,NA,https://en.wikipedia.org/wiki/Stadio_Artemio_Franchi_(Florence),ITA,NA,NA,431.514,0.9161666078362161,0.26954391878714545,1975,43
S-106,S-106,Stadio Luigi Ferraris,Genoa,Italy,WC-1934,1934,1932,1911,37000,Multi-purpose,Existing,in use,NA,NA,https://en.wikipedia.org/wiki/Stadio_Luigi_Ferraris,ITA,NA,NA,741.481,0.9500529474055771,0.6911209895769409,1975,43
S-106,S-106,Stadio Luigi Ferraris,Genoa,Italy,WC-1990,1990,1984,1911,37000,Multi-purpose,Existing,in use,NA,NA,https://en.wikipedia.org/wiki/Stadio_Luigi_Ferraris,ITA,7757.55374836822,NA,698.527,0.940632603406326,0.5084221563810777,1984,0
S-107,S-107,San Siro,Milan,Italy,WC-1934,1934,1932,1926,75000,Single-purpose,Existing,in use,NA,NA,https://en.wikipedia.org/wiki/San_Siro,ITA,NA,NA,2544.708,0.9902929756441934,3.1436374078700835,1975,43
S-107,S-107,San Siro,Milan,Italy,WC-1990,1990,1984,1926,75000,Single-purpose,Existing,in use,NA,NA,https://en.wikipedia.org/wiki/San_Siro,ITA,7757.55374836822,NA,2583.583,0.9896188158961882,2.7188332299803486,1984,0
S-108,S-108,Stadio Giorgio Ascarelli,Naples,Italy,WC-1934,1934,1932,1934,40000,Multi-purpose,New,not in use,"destroyed 1942, war",war,https://en.wikipedia.org/wiki/Stadio_Giorgio_Ascarelli,ITA,NA,NA,2594.394,0.9908224496999647,3.211213886460584,1975,43
S-109,S-109,Stadio San Paolo,Naples,Italy,WC-1990,1990,1984,1959,60000,Multi-purpose,Existing,in use,NA,NA,https://en.wikipedia.org/wiki/Stadio_San_Paolo,ITA,7757.55374836822,NA,2759.365,0.9905920519059205,2.924954681724713,1984,0
S-110,S-110,Stadio La Favorita,Palermo,Italy,WC-1990,1990,1984,1932,33000,Multi-purpose,Existing,in use,NA,NA,https://en.wikipedia.org/wiki/Stadio_Renzo_Barbera,ITA,7757.55374836822,NA,712.659,0.9422546634225466,0.5249932976586338,1984,0
S-111,S-111,Stadio Nazionale PNF,Rome,Italy,WC-1934,1934,1932,1911,47000,Multi-purpose,Existing,not in use,demolished 1957,replaced by successor stadium,https://en.wikipedia.org/wiki/Stadio_Nazionale_PNF,ITA,NA,NA,1938.676,0.9864101659018708,2.3193909707820017,1975,43
S-112,S-112,Stadio Olimpico,Rome,Italy,WC-1990,1990,1984,1953,74000,Multi-purpose,Existing,in use,NA,NA,https://en.wikipedia.org/wiki/Stadio_Olimpico,ITA,7757.55374836822,NA,2113.712,0.9852392538523925,2.1678638892482094,1984,0
S-113,S-113,Stadio Littorio,Trieste,Italy,WC-1934,1934,1932,1932,8000,Multi-purpose,Existing,in use,NA,NA,https://en.wikipedia.org/wiki/Stadio_Giuseppe_Grezar,ITA,NA,NA,236.638,0.832333215672432,0.004498758343510538,1975,43
S-114,S-114,Stadio Benito Mussolini,Turin,Italy,WC-1934,1934,1932,1933,28000,Multi-purpose,New,in use,NA,NA,https://en.wikipedia.org/wiki/Stadio_Olimpico_Grande_Torino,ITA,NA,NA,1275.883,0.9752912107306742,1.4179455540764145,1975,43
S-115,S-115,Stadio delle Alpi,Turin,Italy,WC-1990,1990,1984,1990,63000,Multi-purpose,New,in use,rebuilt 2011,NA,https://en.wikipedia.org/wiki/Stadio_delle_Alpi,ITA,7757.55374836822,NA,1274.9,0.9688564476885645,1.1842754263760447,1984,0
S-116,S-116,Stadio Friuli,Udine,Italy,WC-1990,1990,1984,1976,36000,Single-purpose,Existing,in use,NA,NA,https://en.wikipedia.org/wiki/Stadio_Friuli,ITA,7757.55374836822,NA,77.192,0.32068126520681267,-0.22015342143454314,1984,0
S-117,S-117,Stadio Marc'Antonio Bentegodi,Verona,Italy,WC-1990,1990,1984,1963,36000,Multi-purpose,Existing,in use,NA,NA,https://en.wikipedia.org/wiki/Stadio_Marc%27Antonio_Bentegodi,ITA,7757.55374836822,NA,200.134,0.7693430656934307,-0.07599199694081908,1984,0
S-118,S-118,Kashima Stadium,Ibaraki,Japan,WC-2002,2002,1996,1993,42000,Single-purpose,Existing,in use,NA,NA,https://en.wikipedia.org/wiki/Kashima_Soccer_Stadium,JPN,39929.7185750327,NA,14976.794,0.9988839285714286,15.266956938495015,1996,0
S-119,S-119,Kobe Wing Stadium,Kobe,Japan,WC-2002,2002,1996,2001,42000,Single-purpose,New,in use,NA,NA,https://en.wikipedia.org/wiki/Kobe_Wing_Stadium,JPN,39929.7185750327,NA,14976.794,0.9988839285714286,15.266956938495015,1996,0
S-120,S-120,Miyagi Stadium,Miyagi,Japan,WC-2002,2002,1996,2000,49000,Single-purpose,New,in use,NA,NA,https://en.wikipedia.org/wiki/Miyagi_Stadium,JPN,39929.7185750327,NA,1119.773,0.9621775793650794,0.8712475201936742,1996,0
S-121,S-121,Niigata Stadium,Niigata,Japan,WC-2002,2002,1996,2001,42000,Multi-purpose,New,in use,NA,NA,https://en.wikipedia.org/wiki/Denka_Big_Swan_Stadium,JPN,39929.7185750327,NA,501.224,0.9109623015873016,0.22865257392197016,1996,0
S-122,S-122,Ōita Stadium,Ōita,Japan,WC-2002,2002,1996,2001,43000,Multi-purpose,New,in use,NA,NA,https://en.wikipedia.org/wiki/Showa_Denko_Dome_Oita,JPN,39929.7185750327,NA,406.752,0.8900049603174603,0.1305079972365654,1996,0
S-123,S-123,Nagai Stadium,Osaka,Japan,WC-2002,2002,1996,1964,50000,Multi-purpose,Existing,in use,NA,NA,https://en.wikipedia.org/wiki/Nagai_Stadium,JPN,39929.7185750327,NA,14976.794,0.9988839285714286,15.266956938495015,1996,0
S-124,S-124,Saitama Stadium,Saitama,Japan,WC-2002,2002,1996,2001,63000,Single-purpose,New,in use,NA,NA,https://en.wikipedia.org/wiki/Saitama_Stadium_2002,JPN,39929.7185750327,NA,29438.348,1,30.29070043437869,1996,0
S-125,S-125,Sapporo Dome,Sapporo,Japan,WC-2002,2002,1996,2001,42000,Multi-purpose,New,in use,NA,NA,https://en.wikipedia.org/wiki/Sapporo_Dome,JPN,39929.7185750327,NA,1996.53,0.9800347222222222,1.7820882414758048,1996,0
S-126,S-126,Shizuoka Stadium ECOPA,Shizuoka,Japan,WC-2002,2002,1996,2001,51000,Multi-purpose,New,in use,NA,NA,https://en.wikipedia.org/wiki/Shizuoka_Stadium,JPN,39929.7185750327,NA,399.117,0.8869047619047619,0.12257618841497737,1996,0
S-127,S-127,International Stadium Yokohama,Yokohama,Japan,WC-2002,2002,1996,1998,72000,Multi-purpose,New,in use,NA,NA,https://en.wikipedia.org/wiki/International_Stadium_Yokohama,JPN,39929.7185750327,NA,29438.348,1,30.29070043437869,1996,0
S-128,S-128,Estadio Jalisco,Guadalajara,Mexico,WC-1970,1970,1964,1960,71000,Single-purpose,Existing,in use,NA,NA,https://en.wikipedia.org/wiki/Estadio_Jalisco,MEX,480.704214437745,NA,2010.388,0.9872926226614895,2.4169243691775657,1975,11
S-128,S-128,Estadio Jalisco,Guadalajara,Mexico,WC-1986,1986,1983,1960,71000,Single-purpose,Existing,in use,NA,NA,https://en.wikipedia.org/wiki/Estadio_Jalisco,MEX,2169.85285279223,NA,2596.184,0.9899432278994322,2.793329980961839,1983,0
S-129,S-129,Estadio Tres de Marzo,Guadalajara,Mexico,WC-1986,1986,1983,1971,30000,Multi-purpose,Existing,in use,NA,NA,https://en.wikipedia.org/wiki/Estadio_Tres_de_Marzo,MEX,2169.85285279223,NA,2596.184,0.9899432278994322,2.793329980961839,1983,0
S-130,S-130,Estadio Sergio León Chavez,Irapuato,Mexico,WC-1986,1986,1983,1969,31000,Multi-purpose,Existing,in use,NA,NA,https://en.wikipedia.org/wiki/Estadio_Sergio_León_Chávez,MEX,2169.85285279223,NA,178.383,0.7425790754257907,-0.09713698528376462,1983,0
S-131,S-131,Estadio Nou Camp,León,Mexico,WC-1970,1970,1964,1967,31000,Single-purpose,New,in use,NA,NA,https://en.wikipedia.org/wiki/Estadio_Nou_Camp,MEX,480.704214437745,NA,440.463,0.9188139781150724,0.2817151925243429,1975,11
S-131,S-131,Estadio Nou Camp,León,Mexico,WC-1986,1986,1983,1967,31000,Single-purpose,Existing,in use,NA,NA,https://en.wikipedia.org/wiki/Estadio_Nou_Camp,MEX,2169.85285279223,NA,634.285,0.9373884833738848,0.44789119149559103,1983,0
S-132,S-132,Estadio Azteca,Mexico City,Mexico,WC-1970,1970,1964,1966,115000,Single-purpose,New,in use,NA,NA,https://en.wikipedia.org/wiki/Estadio_Azteca,MEX,480.704214437745,NA,11119.402,0.9991175432403813,14.805828478012499,1975,11
S-132,S-132,Estadio Azteca,Mexico City,Mexico,WC-1986,1986,1983,1966,115000,Single-purpose,Existing,in use,NA,NA,https://en.wikipedia.org/wiki/Estadio_Azteca,MEX,2169.85285279223,NA,13899.24,0.9993511759935118,16.306067375654024,1983,0
S-133,S-133,Estadio Olímpico Universitario,Mexico City,Mexico,WC-1986,1986,1983,1952,72000,Multi-purpose,Existing,in use,NA,NA,https://en.wikipedia.org/wiki/Estadio_Ol%C3%ADmpico_Universitario,MEX,2169.85285279223,NA,13899.24,0.9993511759935118,16.306067375654024,1983,0
S-134,S-134,Estadio Tecnológico,Monterrey,Mexico,WC-1986,1986,1983,1950,34000,Multi-purpose,Existing,not in use,demolished 2017,replaced by successor stadium,https://en.wikipedia.org/wiki/Estadio_Tecnológico,MEX,2169.85285279223,NA,2192.826,0.9863746958637469,2.3111178491234887,1983,0
S-135,S-135,Estadio Universitario,Monterrey,Mexico,WC-1986,1986,1983,1967,44000,Single-purpose,Existing,in use,NA,NA,https://en.wikipedia.org/wiki/Estadio_Universitario_(UANL),MEX,2169.85285279223,NA,2192.826,0.9863746958637469,2.3111178491234887,1983,0
S-136,S-136,Estadio Neza 86,Nezahualcóyotl,Mexico,WC-1986,1986,1983,1981,35000,Single-purpose,Existing,in use,NA,NA,https://en.wikipedia.org/wiki/Estadio_Neza_86,MEX,2169.85285279223,NA,13899.24,0.9993511759935118,16.306067375654024,1983,0
S-137,S-137,Estadio Cuauhtémoc,Puebla,Mexico,WC-1970,1970,1964,1968,46000,Single-purpose,New,in use,NA,NA,https://en.wikipedia.org/wiki/Estadio_Cuauhtémoc,MEX,480.704214437745,NA,576.518,0.9376985527709142,0.4667596274684035,1975,11
S-137,S-137,Estadio Cuauhtémoc,Puebla,Mexico,WC-1986,1986,1983,1968,46000,Single-purpose,Existing,in use,NA,NA,https://en.wikipedia.org/wiki/Estadio_Cuauhtémoc,MEX,2169.85285279223,NA,836.252,0.9513381995133819,0.6893415597317386,1983,0
S-138,S-138,Estadio La Corregidora,Querétaro,Mexico,WC-1986,1986,1983,1985,39000,Single-purpose,New,in use,NA,NA,https://en.wikipedia.org/wiki/Estadio_La_Corregidora,MEX,2169.85285279223,NA,241.721,0.8249889884011159,-0.010370430861131702,1985,2
S-139,S-139,La Bombonera,Toluca,Mexico,WC-1970,1970,1964,1940,33000,Single-purpose,Existing,in use,NA,NA,https://en.wikipedia.org/wiki/Estadio_Nemesio_D%C3%ADez,MEX,480.704214437745,NA,195.142,0.7847066367425457,-0.05913087170893705,1980,16
S-139,S-139,La Bombonera,Toluca,Mexico,WC-1986,1986,1983,1940,33000,Single-purpose,Existing,in use,NA,NA,https://en.wikipedia.org/wiki/Estadio_Nemesio_D%C3%ADez,MEX,2169.85285279223,NA,292.557,0.8520681265206813,0.03935736450107107,1983,0
S-140,S-140,Al Bayt Stadium,Al Khor,Qatar,WC-2022,2022,2010,2021,69000,Single-purpose,New,in use,NA,NA,https://en.wikipedia.org/wiki/Al_Bayt_Stadium,QAT,77387.2936379616,NA,83.737,0.3794622373130219,-0.18988563366973613,2015,5
S-141,S-141,Ahmad bin Ali Stadium,Al Rayyan,Qatar,WC-2022,2022,2010,2020,45000,Single-purpose,New,in use,NA,NA,https://en.wikipedia.org/wiki/Ahmad_bin_Ali_Stadium,QAT,77387.2936379616,NA,1104.055,0.9618565729298434,0.7135547787802383,2010,0
S-142,S-142,Education City Stadium,Al Rayyan,Qatar,WC-2022,2022,2010,2020,45000,Single-purpose,New,in use,NA,NA,https://en.wikipedia.org/wiki/Education_City_Stadium,QAT,77387.2936379616,NA,1104.055,0.9618565729298434,0.7135547787802383,2010,0
S-143,S-143,Khalifa International Stadium,Al Rayyan,Qatar,WC-2022,2022,2010,1976,46000,Multi-purpose,Existing,in use,NA,NA,https://en.wikipedia.org/wiki/Khalifa_International_Stadium,QAT,77387.2936379616,NA,1104.055,0.9618565729298434,0.7135547787802383,2010,0
S-144,S-144,Al Janoub Stadium,Al Wakrah,Qatar,WC-2022,2022,2010,2019,44000,Single-purpose,New,in use,NA,NA,https://en.wikipedia.org/wiki/Al_Janoub_Stadium,QAT,77387.2936379616,NA,73.507,0.3017417534299893,-0.20044382908148384,2010,0
S-145,S-145,Al Thumama Stadium,Doha,Qatar,WC-2022,2022,2010,2021,44000,Single-purpose,New,in use,NA,NA,https://en.wikipedia.org/wiki/Al_Thumama_Stadium,QAT,77387.2936379616,NA,1104.055,0.9618565729298434,0.7135547787802383,2010,0
S-146,S-146,Stadium 974,Doha,Qatar,WC-2022,2022,2010,2021,44000,Single-purpose,New,in use,NA,NA,https://en.wikipedia.org/wiki/Stadium_974,QAT,77387.2936379616,NA,1104.055,0.9618565729298434,0.7135547787802383,2010,0
S-147,S-147,Lusail Stadium,Lusail,Qatar,WC-2022,2022,2010,2022,89000,Single-purpose,New,in use,NA,NA,https://en.wikipedia.org/wiki/Lusail_Stadium,QAT,77387.2936379616,NA,1104.055,0.9618565729298434,0.7135547787802383,2010,0
S-148,S-148,Kaliningrad Stadium,Kaliningrad,Russia,WC-2018,2018,2010,2018,34000,Single-purpose,New,in use,NA,NA,https://en.wikipedia.org/wiki/Kaliningrad_Stadium,RUS,10674.990234375,NA,391.802,0.8823586649800526,0.081853731914556,2010,0
S-149,S-149,Kazan Arena,Kazan,Russia,WC-2018,2018,2010,2013,43000,Single-purpose,New,in use,NA,NA,https://en.wikipedia.org/wiki/Kazan_Arena,RUS,10674.990234375,NA,1030.164,0.9589374331030457,0.6480204503127526,2010,0
S-150,S-150,Luzhniki Stadium,Moscow,Russia,WC-2018,2018,2010,1956,78000,Multi-purpose,Existing,in use,NA,NA,https://en.wikipedia.org/wiki/Luzhniki_Stadium,RUS,10674.990234375,NA,12790.165,0.9976646881385618,11.07802908887443,2010,0
S-151,S-151,Otkritie Arena,Moscow,Russia,WC-2018,2018,2010,2014,44000,Multi-purpose,New,in use,NA,NA,https://en.wikipedia.org/wiki/Otkritie_Arena,RUS,10674.990234375,NA,12790.165,0.9976646881385618,11.07802908887443,2010,0
S-152,S-152,Nizhny Novgorod Stadium,Nizhny Novgorod,Russia,WC-2018,2018,2010,2018,43000,Single-purpose,New,in use,NA,NA,https://en.wikipedia.org/wiki/Nizhny_Novgorod_Stadium,RUS,10674.990234375,NA,1216.485,0.9653595407220006,0.8132695552699247,2010,0
S-153,S-153,Rostov Arena,Rostov-on-Don,Russia,WC-2018,2018,2010,2018,43000,Single-purpose,New,in use,NA,NA,https://en.wikipedia.org/wiki/Rostov_Arena,RUS,10674.990234375,NA,1065.639,0.9601050890337647,0.6794834201248278,2010,0
S-154,S-154,Krestovsky Stadium,Saint Petersburg,Russia,WC-2018,2018,2010,2017,64000,Single-purpose,New,in use,NA,NA,https://en.wikipedia.org/wiki/Krestovsky_Stadium,RUS,10674.990234375,NA,4129.886,0.9921183224676462,3.3971806958892357,2010,0
S-155,S-155,Samara Arena,Samara,Russia,WC-2018,2018,2010,2018,42000,Single-purpose,New,in use,NA,NA,https://en.wikipedia.org/wiki/Samara_Arena,RUS,10674.990234375,NA,985.359,0.9562129025980345,0.6082826529221947,2010,0
S-156,S-156,Mordovia Arena,Saransk,Russia,WC-2018,2018,2010,2018,42000,Single-purpose,New,in use,NA,NA,https://en.wikipedia.org/wiki/Mordovia_Arena,RUS,10674.990234375,NA,292.538,0.838571567578087,-0.006184047801464985,2010,0
S-157,S-157,Fisht Olympic Stadium,Sochi,Russia,WC-2018,2018,2010,2014,44000,Multi-purpose,New,in use,NA,NA,https://en.wikipedia.org/wiki/Fisht_Olympic_Stadium,RUS,10674.990234375,NA,184.809,0.7306606986474652,-0.10172948190675214,2010,0
S-158,S-158,Volgograd Arena,Volgograd,Russia,WC-2018,2018,2010,2018,44000,Single-purpose,New,in use,NA,NA,https://en.wikipedia.org/wiki/Volgograd_Arena,RUS,10674.990234375,NA,704.33,0.9365573610975966,0.3590365093473474,2010,0
S-159,S-159,Central Stadium,Yekaterinburg,Russia,WC-2018,2018,2010,1957,33000,Single-purpose,Existing,in use,NA,NA,https://en.wikipedia.org/wiki/Central_Stadium_(Yekaterinburg),RUS,10674.990234375,NA,1173.776,0.9645811034348545,0.7753907116419072,2010,0
S-160,S-160,Free State Stadium,Bloemfontein,South Africa,WC-2010,2010,2004,1955,41000,Multi-purpose,Existing,in use,NA,NA,https://en.wikipedia.org/wiki/Free_State_Stadium,ZAF,5221.46333731721,NA,355.995,0.8610607434270172,0.04539252000805491,2004,0
S-161,S-161,Cape Town Stadium,Cape Town,South Africa,WC-2010,2010,2004,2009,64000,Multi-purpose,New,in use,NA,NA,https://en.wikipedia.org/wiki/Cape_Town_Stadium,ZAF,5221.46333731721,NA,2685.563,0.9848141432456936,2.1852980005320113,2004,0
S-162,S-162,Moses Mabhida Stadium,Durban,South Africa,WC-2010,2010,2004,2009,63000,Multi-purpose,New,in use,NA,NA,https://en.wikipedia.org/wiki/Moses_Mabhida_Stadium,ZAF,5221.46333731721,NA,2647.865,0.9844741613780599,2.1506691951892214,2004,0
S-163,S-163,Ellis Park Stadium,Johannesburg,South Africa,WC-2010,2010,2004,1928,56000,Multi-purpose,Existing,in use,NA,NA,https://en.wikipedia.org/wiki/Ellis_Park_Stadium,ZAF,5221.46333731721,NA,3683.706,0.9911604714415231,3.1021768707974955,2004,0
S-164,S-164,Soccer City,Johannesburg,South Africa,WC-2010,2010,2004,2009,84000,Multi-purpose,New,in use,NA,NA,https://en.wikipedia.org/wiki/FNB_Stadium,ZAF,5221.46333731721,NA,3683.706,0.9911604714415231,3.1021768707974955,2004,0
S-165,S-165,Mbombela Stadium,Nelspruit,South Africa,WC-2010,2010,2004,2009,41000,Multi-purpose,New,in use,NA,NA,https://en.wikipedia.org/wiki/Mbombela_Stadium,ZAF,5221.46333731721,NA,NA,NA,NA,NA,NA
S-166,S-166,Peter Mokaba Stadium,Polokwane,South Africa,WC-2010,2010,2004,2010,42000,Multi-purpose,New,in use,NA,NA,https://en.wikipedia.org/wiki/Peter_Mokaba_Stadium,ZAF,5221.46333731721,NA,93.863,0.42497733454215775,-0.1953979198592105,2004,0
S-167,S-167,Nelson Mandela Bay Stadium,Port Elizabeth,South Africa,WC-2010,2010,2004,2009,42000,Multi-purpose,New,in use,NA,NA,https://en.wikipedia.org/wiki/Nelson_Mandela_Bay_Stadium,ZAF,5221.46333731721,NA,488.592,0.9001586582048957,0.16719409308986022,2004,0
S-168,S-168,Loftus Versfeld Stadium,Pretoria,South Africa,WC-2010,2010,2004,1923,43000,Multi-purpose,Existing,in use,NA,NA,https://en.wikipedia.org/wiki/Loftus_Versfeld_Stadium,ZAF,5221.46333731721,NA,878.247,0.9473028105167725,0.5251252073623615,2004,0
S-169,S-169,Royal Bafokeng Stadium,Rustenburg,South Africa,WC-2010,2010,2004,1999,42000,Multi-purpose,Existing,in use,NA,NA,https://en.wikipedia.org/wiki/Royal_Bafokeng_Stadium,ZAF,5221.46333731721,NA,78.335,0.3508497549786258,-0.2000489793496464,2005,1
S-170,S-170,Busan Asiad Stadium,Busan,South Korea,WC-2002,2002,1996,2001,56000,Multi-purpose,New,in use,NA,NA,https://en.wikipedia.org/wiki/Busan_Asiad_Stadium,KOR,13864.9376534518,NA,3720.274,0.9929315476190477,3.572842382321837,1996,0
S-171,S-171,Daegu World Cup Stadium,Daegu,South Korea,WC-2002,2002,1996,2001,68000,Multi-purpose,New,in use,NA,NA,https://en.wikipedia.org/wiki/Daegu_Stadium,KOR,13864.9376534518,NA,2432.735,0.9856150793650794,2.2352506078177576,1996,0
S-172,S-172,Daejeon World Cup Stadium,Daejeon,South Korea,WC-2002,2002,1996,2001,40000,Single-purpose,New,in use,NA,NA,https://en.wikipedia.org/wiki/Daejeon_World_Cup_Stadium,KOR,13864.9376534518,NA,1181.47,0.964781746031746,0.9353429764956412,1996,0
S-173,S-173,Gwangju World Cup Stadium,Gwangju,South Korea,WC-2002,2002,1996,2001,43000,Multi-purpose,New,in use,NA,NA,https://en.wikipedia.org/wiki/Gwangju_World_Cup_Stadium,KOR,13864.9376534518,NA,1186.497,0.9651537698412699,0.9405653999332475,1996,0
S-174,S-174,Incheon Munhak Stadium,Incheon,South Korea,WC-2002,2002,1996,2002,52000,Multi-purpose,New,in use,NA,NA,https://en.wikipedia.org/wiki/Incheon_Munhak_Stadium,KOR,13864.9376534518,NA,18064.102,0.9997519841269841,18.474283307762775,1996,0
S-175,S-175,Jeonju World Cup Stadium,Jeonju,South Korea,WC-2002,2002,1996,2001,42000,Single-purpose,New,in use,NA,NA,https://en.wikipedia.org/wiki/Jeonju_World_Cup_Stadium,KOR,13864.9376534518,NA,534.278,0.9191468253968254,0.26299154036450734,1996,0
S-176,S-176,Jeju World Cup Stadium,Seogwipo,South Korea,WC-2002,2002,1996,2001,42000,Single-purpose,New,in use,NA,NA,https://en.wikipedia.org/wiki/Jeju_World_Cup_Stadium,KOR,13864.9376534518,NA,NA,NA,NA,NA,NA
S-177,S-177,Seoul World Cup Stadium,Seoul,South Korea,WC-2002,2002,1996,2001,64000,Single-purpose,New,in use,NA,NA,https://en.wikipedia.org/wiki/Seoul_World_Cup_Stadium,KOR,13864.9376534518,NA,18064.102,0.9997519841269841,18.474283307762775,1996,0
S-178,S-178,Suwon World Cup Stadium,Suwon,South Korea,WC-2002,2002,1996,2001,43000,Single-purpose,New,in use,NA,NA,https://en.wikipedia.org/wiki/Suwon_World_Cup_Stadium,KOR,13864.9376534518,NA,18064.102,0.9997519841269841,18.474283307762775,1996,0
S-179,S-179,Ulsan Munsu Football Stadium,Ulsan,South Korea,WC-2002,2002,1996,2001,44000,Single-purpose,New,in use,NA,NA,https://en.wikipedia.org/wiki/Ulsan_Munsu_Football_Stadium,KOR,13864.9376534518,NA,808.745,0.9484126984126984,0.5481283801595047,1996,0
S-180,S-180,Estadio Riazor,A Coruña,Spain,WC-1982,1982,1966,1944,34000,Single-purpose,Existing,in use,NA,NA,https://en.wikipedia.org/wiki/Estadio_Riazor,ESP,915.62923367863,NA,238.717,0.8348040945993647,0.007326345571092791,1975,9
S-181,S-181,Estadio José Rico Pérez,Alicante,Spain,WC-1982,1982,1966,1974,33000,Multi-purpose,New,in use,NA,NA,https://en.wikipedia.org/wiki/Estadio_José_Rico_Pérez,ESP,915.62923367863,NA,172.424,0.7582068478644547,-0.08283682906965256,1975,9
S-182,S-182,Camp Nou,Barcelona,Spain,WC-1982,1982,1966,1957,121000,Single-purpose,Existing,in use,NA,NA,https://en.wikipedia.org/wiki/Camp_Nou,ESP,915.62923367863,NA,2234.53,0.9890575361807271,2.7217733621379985,1975,9
S-183,S-183,Estadi de Sarrià,Barcelona,Spain,WC-1982,1982,1966,1923,40000,Single-purpose,Existing,not in use,demolished 1997,urban redevelopment,https://en.wikipedia.org/wiki/Sarrià_Stadium,ESP,915.62923367863,NA,2234.53,0.9890575361807271,2.7217733621379985,1975,9
S-184,S-184,Estadio San Mamés,Bilbao,Spain,WC-1982,1982,1966,1913,46000,Single-purpose,Existing,not in use,demolished 2013,replaced by successor stadium,https://en.wikipedia.org/wiki/San_Mamés_Stadium_(1913),ESP,915.62923367863,NA,900.398,0.9622308506883163,0.9072593635286904,1975,9
S-185,S-185,Nuevo Estadio,Elche,Spain,WC-1982,1982,1966,1976,53000,Single-purpose,New,in use,NA,NA,https://en.wikipedia.org/wiki/Estadio_Manuel_Mart%C3%ADnez_Valero,ESP,915.62923367863,NA,83.299,0.4297564419343452,-0.20405314059359067,1975,9
S-186,S-186,Estadio El Molinón,Gijón,Spain,WC-1982,1982,1966,1908,45000,Single-purpose,Existing,in use,NA,NA,https://en.wikipedia.org/wiki/El_Molinón,ESP,915.62923367863,NA,193.267,0.7876809036357219,-0.054488873040553644,1975,9
S-187,S-187,Estadio Santiago Bernabéu,Madrid,Spain,WC-1982,1982,1966,1947,90000,Single-purpose,Existing,in use,NA,NA,https://en.wikipedia.org/wiki/Santiago_Bernabéu_Stadium,ESP,915.62923367863,NA,2951.852,0.9924108718672785,3.6973820803985795,1975,9
S-188,S-188,Vicente Calderón,Madrid,Spain,WC-1982,1982,1966,1966,66000,Single-purpose,Existing,not in use,demolished 2019,replaced by successor stadium,https://en.wikipedia.org/wiki/Vicente_Calderón_Stadium,ESP,915.62923367863,NA,2951.852,0.9924108718672785,3.6973820803985795,1975,9
S-189,S-189,Estadio La Rosaleda,Málaga,Spain,WC-1982,1982,1966,1941,45000,Single-purpose,Existing,in use,NA,NA,https://en.wikipedia.org/wiki/Estadio_La_Rosaleda,ESP,915.62923367863,NA,378.651,0.9038122132015531,0.19764649521250377,1975,9
S-190,S-190,Estadio Carlos Tartiere,Oviedo,Spain,WC-1982,1982,1966,1932,24000,Multi-purpose,Existing,not in use,demolished 2003,replaced by successor stadium,https://en.wikipedia.org/wiki/Estadio_Carlos_Tartiere_(1932),ESP,915.62923367863,NA,164.4,0.7444405224144017,-0.09375003730155247,1975,9
S-191,S-191,Estadio Benito Villamarín,Seville,Spain,WC-1982,1982,1966,1929,50000,Single-purpose,Existing,in use,NA,NA,https://en.wikipedia.org/wiki/Estadio_Benito_Villamar%C3%ADn,ESP,915.62923367863,NA,575.312,0.9373455700670668,0.46511938206365877,1975,9
S-192,S-192,Estadio Ramón Sánchez Pizjuán,Seville,Spain,WC-1982,1982,1966,1958,68000,Single-purpose,Existing,in use,NA,NA,https://en.wikipedia.org/wiki/Ramón_Sánchez_Pizjuán_Stadium,ESP,915.62923367863,NA,575.312,0.9373455700670668,0.46511938206365877,1975,9
S-193,S-193,Estadio Luis Casanova,Valencia,Spain,WC-1982,1982,1966,1923,50000,Single-purpose,Existing,in use,NA,NA,https://en.wikipedia.org/wiki/Mestalla_Stadium,ESP,915.62923367863,NA,936.706,0.9639957642075538,0.9566408147355475,1975,9
S-194,S-194,Estadio José Zorrilla,Valladolid,Spain,WC-1982,1982,1966,1982,30000,Single-purpose,New,in use,NA,NA,https://en.wikipedia.org/wiki/Estadio_José_Zorrilla,ESP,915.62923367863,NA,264.287,0.8573949876456054,0.0421033563499662,1975,9
S-195,S-195,Balaídos,Vigo,Spain,WC-1982,1982,1966,1928,33000,Single-purpose,Existing,in use,NA,NA,https://en.wikipedia.org/wiki/Bala%C3%ADdos,ESP,915.62923367863,NA,206.121,0.8035651253088598,-0.037006522764775784,1975,9
S-196,S-196,Estadio La Romareda,Zaragoza,Spain,WC-1982,1982,1966,1957,42000,Single-purpose,Existing,in use,NA,NA,https://en.wikipedia.org/wiki/La_Romareda,ESP,915.62923367863,NA,446.172,0.9196964348746911,0.2894798368159576,1975,9
S-197,S-197,Ryavallen,Borås,Sweden,WC-1958,1958,1950,1941,15000,Multi-purpose,Existing,in use,NA,NA,https://en.wikipedia.org/wiki/Ryavallen,SWE,NA,NA,50.436,0.005259642678243446,-0.2102350877803221,2025,75
S-198,S-198,Tunavallen,Eskilstuna,Sweden,WC-1958,1958,1950,1924,22000,Multi-purpose,Existing,in use,NA,NA,https://en.wikipedia.org/wiki/Tunavallen,SWE,NA,NA,52.213,0.02980464184337953,-0.2088546995081377,2025,75
S-199,S-199,Strömvallen,Gävle,Sweden,WC-1995,1995,1993,1903,7000,Single-purpose,Existing,in use,NA,NA,https://en.wikipedia.org/wiki/Strömvallen,SWE,24389.8738124128,NA,NA,NA,NA,NA,NA
S-200,S-200,Ullevi,Gothenburg,Sweden,WC-1958,1958,1950,1958,54000,Multi-purpose,New,in use,NA,NA,https://en.wikipedia.org/wiki/Ullevi,SWE,NA,NA,419.854,0.9129897635015884,0.2536854930663138,1975,25
S-201,S-201,Örjans Vall,Halmstad,Sweden,WC-1958,1958,1950,1922,15000,Single-purpose,Existing,in use,NA,NA,https://en.wikipedia.org/wiki/Örjans_Vall,SWE,NA,NA,NA,NA,NA,NA,NA
S-202,S-202,Olympia,Helsingborg,Sweden,WC-1958,1958,1950,1898,27000,Single-purpose,Existing,in use,NA,NA,https://en.wikipedia.org/wiki/Olympia_(Helsingborg),SWE,NA,NA,65.959,0.2515001764913519,-0.22763676855235743,1975,25
S-202,S-202,Olympia,Helsingborg,Sweden,WC-1995,1995,1993,1898,27000,Single-purpose,Existing,in use,NA,NA,https://en.wikipedia.org/wiki/Olympia_(Helsingborg),SWE,24389.8738124128,NA,67.341,0.1962413182622906,-0.22781509109628081,1993,0
S-203,S-203,Tingvalla IP,Karlstad,Sweden,WC-1995,1995,1993,1919,5000,Multi-purpose,Existing,in use,NA,NA,https://en.wikipedia.org/wiki/Tingvalla_IP,SWE,24389.8738124128,NA,NA,NA,NA,NA,NA
S-204,S-204,Malmö Stadion,Malmö,Sweden,WC-1958,1958,1950,1958,30000,Multi-purpose,New,in use,NA,NA,https://en.wikipedia.org/wiki/Malmö_Stadion,SWE,NA,NA,220.628,0.8198023296858454,-0.017275975429260865,1975,25
S-205,S-205,Idrottsparken,Norrköping,Sweden,WC-1958,1958,1950,1903,20000,Multi-purpose,Existing,in use,NA,NA,https://en.wikipedia.org/wiki/Nya_Parken,SWE,NA,NA,73.811,0.34468761030709494,-0.21695749250090202,1975,25
S-206,S-206,Eyravallen,Örebro,Sweden,WC-1958,1958,1950,1923,13000,Single-purpose,Existing,in use,NA,NA,https://en.wikipedia.org/wiki/Behrn_Arena,SWE,NA,NA,67.835,0.2751500176491352,-0.22508527570053238,1975,25
S-207,S-207,Jernvallen,Sandviken,Sweden,WC-1958,1958,1950,1938,20000,Multi-purpose,Existing,in use,NA,NA,https://en.wikipedia.org/wiki/Jernvallen,SWE,NA,NA,NA,NA,NA,NA,NA
S-208,S-208,Råsunda Stadium,Solna,Sweden,WC-1958,1958,1950,1937,52000,Single-purpose,Existing,not in use,demolished 2013,replaced by successor stadium,https://en.wikipedia.org/wiki/Råsunda_Stadium,SWE,NA,NA,783.776,0.953759265795976,0.7486451847624103,1975,25
S-208,S-208,Råsunda Stadium,Solna,Sweden,WC-1995,1995,1993,1937,52000,Single-purpose,Existing,not in use,demolished 2013,replaced by successor stadium,https://en.wikipedia.org/wiki/Råsunda_Stadium,SWE,24389.8738124128,NA,899.689,0.9516546370693177,0.653132597638571,1993,0
S-209,S-209,Rimnersvallen,Uddevalla,Sweden,WC-1958,1958,1950,1923,18000,Multi-purpose,Existing,in use,NA,NA,https://en.wikipedia.org/wiki/Rimnersvallen,SWE,NA,NA,NA,NA,NA,NA,NA
S-210,S-210,Arosvallen,Västerås,Sweden,WC-1958,1958,1950,1932,10000,Multi-purpose,Existing,in use,NA,NA,https://en.wikipedia.org/wiki/Arosvallen,SWE,NA,NA,81.066,0.408224496999647,-0.20709017872691973,1975,25
S-210,S-210,Arosvallen,Västerås,Sweden,WC-1995,1995,1993,1932,10000,Multi-purpose,Existing,in use,NA,NA,https://en.wikipedia.org/wiki/Arosvallen,SWE,24389.8738124128,NA,86.835,0.38785237641291026,-0.20718286245610004,1993,0
S-211,S-211,St. Jakob Stadium,Basel,Switzerland,WC-1954,1954,1946,1954,55000,Single-purpose,New,in use,rebuilt 2001,NA,https://en.wikipedia.org/wiki/St._Jakob_Stadium,CHE,NA,NA,222.185,0.8208612777973879,-0.015158345167911372,1975,29
S-212,S-212,Wankdorf Stadium,Bern,Switzerland,WC-1954,1954,1946,1954,65000,Single-purpose,New,in use,rebuilt 2005,NA,https://en.wikipedia.org/wiki/Wankdorf_Stadium,CHE,NA,NA,186.898,0.7799152841510766,-0.06315116407108337,1975,29
S-213,S-213,Charmilles Stadium,Geneva,Switzerland,WC-1954,1954,1946,1930,36000,Multi-purpose,Existing,not in use,demolished 2012,replaced by successor stadium,https://en.wikipedia.org/wiki/Charmilles_Stadium,CHE,NA,NA,220.138,0.8194493469819979,-0.017942410129364397,1975,29
S-214,S-214,Stade Olympique de la Pontaise,Lausanne,Switzerland,WC-1954,1954,1946,1954,50000,Multi-purpose,New,in use,NA,NA,https://en.wikipedia.org/wiki/Stade_Olympique_de_la_Pontaise,CHE,NA,NA,163.285,0.7421461348393928,-0.09526651626199222,1975,29
S-215,S-215,Cornaredo Stadium,Lugano,Switzerland,WC-1954,1954,1946,1951,36000,Multi-purpose,New,in use,NA,NA,https://en.wikipedia.org/wiki/Cornaredo_Stadium,CHE,NA,NA,54.777,0.07571478997529121,-0.24284508042288397,1975,29
S-216,S-216,Hardturm Stadium,Zürich,Switzerland,WC-1954,1954,1946,1929,35000,Single-purpose,Existing,not in use,demolished 2008,replaced by successor stadium,https://en.wikipedia.org/wiki/Hardturm,CHE,NA,NA,246.287,0.8418637486763149,0.017622081652284495,1975,29
S-217,S-217,Foxboro Stadium,Boston,United States,WC-1999,1999,1996,1971,59000,Multi-purpose,Existing,not in use,demolished 2002,replaced by successor stadium,https://en.wikipedia.org/wiki/Foxboro_Stadium,USA,29967.7127181749,NA,1385.131,0.970734126984127,1.1469212497652475,1996,0
S-218,S-218,Home Depot Center,Carson,United States,WC-2003,2003,2003,2003,28000,Multi-purpose,Existing,in use,NA,NA,https://en.wikipedia.org/wiki/Dignity_Health_Sports_Park,USA,39490.3023903176,NA,11324.694,0.9975067996373527,10.307857847006368,2003,0
S-219,S-219,Soldier Field,Chicago,United States,WC-1994,1994,1988,1924,65000,Multi-purpose,Existing,in use,rebuilt 2003,NA,https://en.wikipedia.org/wiki/Soldier_Field,USA,21417.0119305191,NA,3448.685,0.9924321115892566,3.5766818727110374,1988,0
S-219,S-219,Soldier Field,Chicago,United States,WC-1999,1999,1996,1924,65000,Multi-purpose,Existing,in use,rebuilt 2003,NA,https://en.wikipedia.org/wiki/Soldier_Field,USA,29967.7127181749,NA,3641.935,0.9923115079365079,3.491457972200765,1996,0
S-220,S-220,Columbus Crew Stadium,Columbus,United States,WC-2003,2003,2003,1999,23000,Single-purpose,Existing,in use,NA,NA,https://en.wikipedia.org/wiki/Mapfre_Stadium,USA,39490.3023903176,NA,268.597,0.8153898458748867,-0.030744131953537167,2003,0
S-221,S-221,Cotton Bowl,Dallas,United States,WC-1994,1994,1988,1930,64000,Multi-purpose,Existing,in use,NA,NA,https://en.wikipedia.org/wiki/Cotton_Bowl_(stadium),USA,21417.0119305191,NA,321.18,0.8605134292921799,0.05770926129732553,1988,0
S-222,S-222,Giants Stadium,East Rutherford,United States,WC-1994,1994,1988,1976,76000,Multi-purpose,Existing,not in use,demolished 2010,replaced by successor stadium,https://en.wikipedia.org/wiki/Giants_Stadium,USA,21417.0119305191,NA,11967.62,0.998516100311619,13.161926002908647,1988,0
S-217,S-223,Foxboro Stadium,Foxborough,United States,WC-1994,1994,1988,1971,54000,Multi-purpose,Existing,not in use,demolished 2002,replaced by successor stadium,https://en.wikipedia.org/wiki/Foxboro_Stadium,USA,21417.0119305191,NA,1236.769,0.9672058168867784,1.0879018954615136,1988,0
S-224,S-224,Gillette Stadium,Foxborough,United States,WC-2003,2003,2003,2002,68000,Multi-purpose,Existing,in use,NA,NA,https://en.wikipedia.org/wiki/Gillette_Stadium,USA,39490.3023903176,NA,1490.294,0.9698549410698096,1.1116697797450832,2003,0
S-225,S-225,Rose Bowl,Los Angeles,United States,WC-1999,1999,1996,1922,96000,Multi-purpose,Existing,in use,NA,NA,https://en.wikipedia.org/wiki/Rose_Bowl_(stadium),USA,29967.7127181749,NA,10800.24,0.9977678571428571,10.928040388260724,1996,0
S-222,S-226,Giants Stadium,New York City,United States,WC-1999,1999,1996,1976,78000,Multi-purpose,Existing,not in use,demolished 2010,replaced by successor stadium,https://en.wikipedia.org/wiki/Giants_Stadium,USA,29967.7127181749,NA,12636.447,0.9982638888888888,12.83562950166763,1996,0
S-227,S-227,Citrus Bowl,Orlando,United States,WC-1994,1994,1988,1936,62000,Multi-purpose,Existing,in use,NA,NA,https://en.wikipedia.org/wiki/Citrus_Bowl_(stadium),USA,21417.0119305191,NA,58.78,0.13537117903930132,-0.22302082047185476,2000,12
S-225,S-228,Rose Bowl,Pasadena,United States,WC-1994,1994,1988,1922,94000,Multi-purpose,Existing,in use,NA,NA,https://en.wikipedia.org/wiki/Rose_Bowl_(stadium),USA,21417.0119305191,NA,9854.198,0.9973289805609141,10.783968450687565,1988,0
S-229,S-229,Lincoln Financial Field,Philadelphia,United States,WC-2003,2003,2003,2003,70000,Multi-purpose,Existing,in use,NA,NA,https://en.wikipedia.org/wiki/Lincoln_Financial_Field,USA,39490.3023903176,NA,2065.194,0.9790344514959202,1.6492611447361871,2003,0
S-230,S-230,Pontiac Silverdome,Pontiac,United States,WC-1994,1994,1988,1975,78000,Multi-purpose,Existing,not in use,demolished 2017,abandoned before demolition,https://en.wikipedia.org/wiki/Pontiac_Silverdome,USA,21417.0119305191,NA,950.673,0.9559281792550823,0.7659954594254346,1988,0
S-231,S-231,Civic Stadium,Portland,United States,WC-1999,1999,1996,1926,27000,Multi-purpose,Existing,in use,NA,NA,"https://en.wikipedia.org/wiki/Civic_Stadium_(Portland,_Oregon)",USA,29967.7127181749,NA,554.56,0.9221230158730159,0.28406199832383255,1996,0
S-231,S-232,PGE Park,Portland,United States,WC-2003,2003,2003,1926,28000,Multi-purpose,Existing,in use,NA,NA,https://en.wikipedia.org/wiki/Providence_Park,USA,39490.3023903176,NA,797.957,0.9429963735267453,0.46426259090555283,2003,0
S-233,S-233,Stanford Stadium,San Fransisco,United States,WC-1999,1999,1996,1921,85000,Multi-purpose,Existing,in use,rebuilt 2006,NA,https://en.wikipedia.org/wiki/Stanford_Stadium,USA,29967.7127181749,NA,2760.657,0.9877232142857143,2.57592049811151,1996,0
S-234,S-234,Spartan Stadium,San Jose,United States,WC-1999,1999,1996,1933,26000,Multi-purpose,Existing,in use,NA,NA,https://en.wikipedia.org/wiki/Spartan_Stadium_(San_Jose),USA,29967.7127181749,NA,2760.657,0.9877232142857143,2.57592049811151,1996,0
S-233,S-235,Stanford Stadium,Stanford,United States,WC-1994,1994,1988,1921,84000,Multi-purpose,Existing,in use,rebuilt 2006,NA,https://en.wikipedia.org/wiki/Stanford_Stadium,USA,21417.0119305191,NA,2571.313,0.9884255824306277,2.589489833682716,1988,0
S-236,S-236,Jack Kent Cooke Stadium,"Washington, D.C.",United States,WC-1999,1999,1996,1997,80000,Multi-purpose,New,in use,NA,NA,https://en.wikipedia.org/wiki/Jack_Kent_Cooke_Stadium,USA,29967.7127181749,NA,1619.831,0.9750744047619048,1.39074515682834,1996,0
S-237,S-237,RFK Stadium,"Washington, D.C.",United States,WC-1994,1994,1988,1961,53000,Multi-purpose,Existing,not in use,demolished 2023,abandoned before demolition,https://en.wikipedia.org/wiki/Robert_F._Kennedy_Memorial_Stadium,USA,21417.0119305191,NA,1354.572,0.9701736162635406,1.2204502145025282,1988,0
S-237,S-237,RFK Stadium,"Washington, D.C.",United States,WC-2003,2003,2003,1961,53000,Multi-purpose,Existing,not in use,demolished 2023,abandoned before demolition,https://en.wikipedia.org/wiki/Robert_F._Kennedy_Memorial_Stadium,USA,39490.3023903176,NA,2068.634,0.9793744333635539,1.6524779029473011,2003,0
S-238,S-238,Estadio Centenario,Montevideo,Uruguay,WC-1930,1930,1929,1930,90000,Single-purpose,New,in use,NA,NA,https://en.wikipedia.org/wiki/Estadio_Centenario,URY,NA,NA,1353.187,0.9772326156018355,1.523084468478058,1975,46
S-239,S-239,Estadio Gran Parque Central,Montevideo,Uruguay,WC-1930,1930,1929,1900,20000,Single-purpose,Existing,in use,NA,NA,https://en.wikipedia.org/wiki/Estadio_Gran_Parque_Central,URY,NA,NA,1353.187,0.9772326156018355,1.523084468478058,1975,46
S-240,S-240,Estadio Pocitos,Montevideo,Uruguay,WC-1930,1930,1929,1921,10000,Multi-purpose,Existing,not in use,demolished ~1940,urban redevelopment,https://en.wikipedia.org/wiki/Estadio_Pocitos,URY,NA,NA,1353.187,0.9772326156018355,1.523084468478058,1975,46
