model,threshold,sensitivity,specificity,precision,f1,balanced_accuracy,predicted_positive_n,predicted_positive_rate,true_positive,false_positive,true_negative,false_negative
Penalized logistic regression,0.005,1,0,0.030303030303030304,0.05882352941176471,0.5,5610,1,170,5440,0,0
Penalized logistic regression,0.01,1,0,0.030303030303030304,0.05882352941176471,0.5,5610,1,170,5440,0,0
Penalized logistic regression,0.015,1,0,0.030303030303030304,0.05882352941176471,0.5,5610,1,170,5440,0,0
Penalized logistic regression,0.02,1,0,0.030303030303030304,0.05882352941176471,0.5,5610,1,170,5440,0,0
Penalized logistic regression,0.025,0.8294117647058824,0.062316176470588236,0.026898130484547884,0.05210643015521064,0.44586397058823535,5242,0.9344028520499109,141,5101,339,29
Penalized logistic regression,0.030000000000000002,0.4294117647058823,0.2998161764705882,0.01880473982483256,0.03603158933859822,0.3646139705882353,3882,0.6919786096256685,73,3809,1631,97
Penalized logistic regression,0.034999999999999996,0.11176470588235295,0.7220588235294118,0.012410189418680601,0.022339800117577895,0.41691176470588237,1531,0.2729055258467023,19,1512,3928,151
Penalized logistic regression,0.04,0.041176470588235294,0.8790441176470588,0.010526315789473684,0.016766467065868262,0.46011029411764703,665,0.11853832442067737,7,658,4782,163
Penalized logistic regression,0.045,0,1,NA,NA,0.5,0,0,0,0,5440,170
Penalized logistic regression,0.049999999999999996,0,1,NA,NA,0.5,0,0,0,0,5440,170
Penalized logistic regression,0.055,0,1,NA,NA,0.5,0,0,0,0,5440,170
Penalized logistic regression,0.06,0,1,NA,NA,0.5,0,0,0,0,5440,170
Penalized logistic regression,0.065,0,1,NA,NA,0.5,0,0,0,0,5440,170
Penalized logistic regression,0.07,0,1,NA,NA,0.5,0,0,0,0,5440,170
Penalized logistic regression,0.07500000000000001,0,1,NA,NA,0.5,0,0,0,0,5440,170
Penalized logistic regression,0.08,0,1,NA,NA,0.5,0,0,0,0,5440,170
Penalized logistic regression,0.085,0,1,NA,NA,0.5,0,0,0,0,5440,170
Penalized logistic regression,0.09000000000000001,0,1,NA,NA,0.5,0,0,0,0,5440,170
Penalized logistic regression,0.095,0,1,NA,NA,0.5,0,0,0,0,5440,170
Penalized logistic regression,0.1,0,1,NA,NA,0.5,0,0,0,0,5440,170
Penalized logistic regression,0.125,0,1,NA,NA,0.5,0,0,0,0,5440,170
Penalized logistic regression,0.15,0,1,NA,NA,0.5,0,0,0,0,5440,170
Penalized logistic regression,0.2,0,1,NA,NA,0.5,0,0,0,0,5440,170
Penalized logistic regression,0.25,0,1,NA,NA,0.5,0,0,0,0,5440,170
Penalized logistic regression,0.3,0,1,NA,NA,0.5,0,0,0,0,5440,170
Penalized logistic regression,0.4,0,1,NA,NA,0.5,0,0,0,0,5440,170
Penalized logistic regression,0.5,0,1,NA,NA,0.5,0,0,0,0,5440,170
Random forest,0.005,0.11176470588235295,0.7099264705882353,0.011897307451471509,0.021505376344086023,0.41084558823529416,1597,0.28467023172905526,19,1578,3862,151
Random forest,0.01,0.09411764705882353,0.7420955882352941,0.01127554615926709,0.02013845185651353,0.4181066176470588,1419,0.2529411764705882,16,1403,4037,154
Random forest,0.015,0.08235294117647059,0.7816176470588235,0.011647254575707155,0.02040816326530612,0.4319852941176471,1202,0.2142602495543672,14,1188,4252,156
Random forest,0.02,0.07647058823529412,0.8053308823529411,0.012126865671641791,0.02093397745571659,0.44090073529411766,1072,0.1910873440285205,13,1059,4381,157
Random forest,0.025,0.07647058823529412,0.8297794117647059,0.013844515441959531,0.023444544634806132,0.453125,939,0.16737967914438504,13,926,4514,157
Random forest,0.030000000000000002,0.07058823529411765,0.840625,0.013651877133105802,0.022878932316491896,0.4556066176470588,879,0.15668449197860962,12,867,4573,158
Random forest,0.034999999999999996,0.07058823529411765,0.8518382352941176,0.014669926650366748,0.024291497975708502,0.4612132352941176,818,0.14581105169340464,12,806,4634,158
Random forest,0.04,0.07058823529411765,0.8553308823529412,0.015018773466833541,0.02476780185758514,0.4629595588235294,799,0.14242424242424243,12,787,4653,158
Random forest,0.045,0.07058823529411765,0.8641544117647059,0.015978695073235686,0.026058631921824105,0.46737132352941174,751,0.13386809269162211,12,739,4701,158
Random forest,0.049999999999999996,0.07058823529411765,0.8715073529411764,0.016877637130801686,0.027241770715096477,0.471047794117647,711,0.1267379679144385,12,699,4741,158
Random forest,0.055,0.058823529411764705,0.8852941176470588,0.015772870662460567,0.02487562189054726,0.47205882352941175,634,0.11301247771836007,10,624,4816,160
Random forest,0.06,0.058823529411764705,0.893014705882353,0.016891891891891893,0.026246719160104987,0.47591911764705885,592,0.1055258467023173,10,582,4858,160
Random forest,0.065,0.058823529411764705,0.9007352941176471,0.01818181818181818,0.027777777777777783,0.4797794117647059,550,0.09803921568627451,10,540,4900,160
Random forest,0.07,0.052941176470588235,0.9110294117647059,0.018255578093306288,0.02714932126696833,0.48198529411764707,493,0.08787878787878788,9,484,4956,161
Random forest,0.07500000000000001,0.052941176470588235,0.9174632352941177,0.019650655021834062,0.02866242038216561,0.48520220588235297,458,0.08163992869875222,9,449,4991,161
Random forest,0.08,0.052941176470588235,0.9215073529411765,0.020642201834862386,0.02970297029702971,0.48722426470588237,436,0.07771836007130124,9,427,5013,161
Random forest,0.085,0.052941176470588235,0.930514705882353,0.023255813953488372,0.03231597845601437,0.4917279411764706,387,0.06898395721925134,9,378,5062,161
Random forest,0.09000000000000001,0.052941176470588235,0.9340073529411764,0.024456521739130436,0.033457249070631974,0.49347426470588235,368,0.06559714795008913,9,359,5081,161
Random forest,0.095,0.052941176470588235,0.935110294117647,0.024861878453038673,0.03383458646616541,0.49402573529411764,362,0.06452762923351159,9,353,5087,161
Random forest,0.1,0.052941176470588235,0.9376838235294118,0.02586206896551724,0.03474903474903475,0.49531250000000004,348,0.06203208556149733,9,339,5101,161
Random forest,0.125,0.052941176470588235,0.9455882352941176,0.029508196721311476,0.037894736842105266,0.49926470588235294,305,0.054367201426024955,9,296,5144,161
Random forest,0.15,0.052941176470588235,0.9540441176470589,0.03474903474903475,0.04195804195804196,0.5034926470588236,259,0.04616755793226381,9,250,5190,161
Random forest,0.2,0.03529411764705882,0.9608455882352941,0.0273972602739726,0.030848329048843187,0.49806985294117645,219,0.039037433155080216,6,213,5227,164
Random forest,0.25,0,0.9685661764705882,0,NA,0.4842830882352941,171,0.03048128342245989,0,171,5269,170
Random forest,0.3,0,0.9704044117647059,0,NA,0.48520220588235297,161,0.028698752228163992,0,161,5279,170
Random forest,0.4,0,0.9759191176470589,0,NA,0.4879595588235294,131,0.02335115864527629,0,131,5309,170
Random forest,0.5,0,0.997610294117647,0,NA,0.4988051470588235,13,0.0023172905525846704,0,13,5427,170
Gradient boosting,0.005,0.8588235294117647,0.10753676470588236,0.029194161167766446,0.05646876812995552,0.4831801470588235,5001,0.8914438502673797,146,4855,585,24
Gradient boosting,0.01,0.6764705882352942,0.33308823529411763,0.030724018167245525,0.058778430871454124,0.5047794117647059,3743,0.6672014260249555,115,3628,1812,55
Gradient boosting,0.015,0.48823529411764705,0.4759191176470588,0.02828902522154056,0.053479381443298966,0.4820772058823529,2934,0.5229946524064171,83,2851,2589,87
Gradient boosting,0.02,0.29411764705882354,0.5849264705882353,0.021663778162911613,0.04035512510088782,0.43952205882352946,2308,0.4114081996434938,50,2258,3182,120
Gradient boosting,0.025,0.18235294117647058,0.6602941176470588,0.016498137307078234,0.030258662762323085,0.4213235294117647,1879,0.33493761140819966,31,1848,3592,139
Gradient boosting,0.030000000000000002,0.14705882352941177,0.7152573529411764,0.01588310038119441,0.028669724770642203,0.4311580882352941,1574,0.2805704099821747,25,1549,3891,145
Gradient boosting,0.034999999999999996,0.11176470588235295,0.7628676470588235,0.014514896867838044,0.025693035835023664,0.43731617647058824,1309,0.23333333333333334,19,1290,4150,151
Gradient boosting,0.04,0.1,0.7867647058823529,0.014443500424808835,0.02524127691165553,0.44338235294117645,1177,0.20980392156862746,17,1160,4280,153
Gradient boosting,0.045,0.08823529411764706,0.8205882352941176,0.015136226034308779,0.025839793281653745,0.45441176470588235,991,0.1766488413547237,15,976,4464,155
Gradient boosting,0.049999999999999996,0.058823529411764705,0.8404411764705882,0.011389521640091117,0.019083969465648856,0.4496323529411765,878,0.15650623885918002,10,868,4572,160
Gradient boosting,0.055,0.052941176470588235,0.8509191176470589,0.01097560975609756,0.01818181818181818,0.45193014705882356,820,0.14616755793226383,9,811,4629,161
Gradient boosting,0.06,0.047058823529411764,0.8678308823529411,0.011004126547455296,0.017837235228539576,0.4574448529411764,727,0.12959001782531193,8,719,4721,162
Gradient boosting,0.065,0.041176470588235294,0.8851102941176471,0.011075949367088608,0.01745635910224439,0.46314338235294117,632,0.11265597147950089,7,625,4815,163
Gradient boosting,0.07,0.03529411764705882,0.897610294117647,0.010657193605683837,0.01637107776261937,0.4664522058823529,563,0.10035650623885918,6,557,4883,164
Gradient boosting,0.07500000000000001,0.023529411764705882,0.903125,0.007532956685499058,0.011412268188302424,0.46332720588235293,531,0.0946524064171123,4,527,4913,166
Gradient boosting,0.08,0.01764705882352941,0.9102941176470588,0.006109979633401222,0.009077155824508321,0.46397058823529413,491,0.0875222816399287,3,488,4952,167
Gradient boosting,0.085,0.01764705882352941,0.9213235294117647,0.0069605568445475635,0.009983361064891847,0.46948529411764706,431,0.0768270944741533,3,428,5012,167
Gradient boosting,0.09000000000000001,0.01764705882352941,0.9279411764705883,0.007594936708860759,0.010619469026548672,0.47279411764705886,395,0.07040998217468805,3,392,5048,167
Gradient boosting,0.095,0.01764705882352941,0.9297794117647059,0.007792207792207792,0.010810810810810811,0.4737132352941177,385,0.06862745098039216,3,382,5058,167
Gradient boosting,0.1,0.01764705882352941,0.9356617647058824,0.0084985835694051,0.011472275334608033,0.4766544117647059,353,0.06292335115864528,3,350,5090,167
Gradient boosting,0.125,0.011764705882352941,0.9579044117647059,0.008658008658008658,0.009975062344139652,0.4848345588235294,231,0.041176470588235294,2,229,5211,168
Gradient boosting,0.15,0.0058823529411764705,0.9713235294117647,0.006369426751592357,0.0061162079510703364,0.4886029411764706,157,0.027985739750445632,1,156,5284,169
Gradient boosting,0.2,0.0058823529411764705,0.9764705882352941,0.007751937984496124,0.006688963210702341,0.49117647058823527,129,0.022994652406417113,1,128,5312,169
Gradient boosting,0.25,0,0.9792279411764706,0,NA,0.4896139705882353,113,0.02014260249554367,0,113,5327,170
Gradient boosting,0.3,0,0.9821691176470588,0,NA,0.4910845588235294,97,0.017290552584670233,0,97,5343,170
Gradient boosting,0.4,0,0.9887867647058823,0,NA,0.49439338235294117,61,0.010873440285204991,0,61,5379,170
Gradient boosting,0.5,0,0.9957720588235294,0,NA,0.4978860294117647,23,0.0040998217468805704,0,23,5417,170
